C121,C122,P12,C131,C132,P13,C211,C212,P21,C231,C232,P23,C311,C312,P31,C321,C322,P32,predict
0.3472,0.3416,0.5,0.3472,0.3416,0.5,0.3471,0.3416,0.5,0.3471,0.3416,0.5,0.3471,0.3472,0.5,0.3471,0.3472,0.5,1.0359
0.296869950102747,0.261771950360006,0.5,0.260515047749661,0.295473002093944,0,0.314543243269172,0.297143512162909,0,0.260515047749661,0.295473002093944,0,0.314543243269172,0.297143512162909,0,0.296869950102747,0.261771950360006,0.5,0
0.270185034181656,0.302499403902561,0,0.284198434007298,0.271454050584109,0,0.293282056275249,0.285701380686107,0.5,0.284198434007298,0.271454050584109,0.5,0.293282056275249,0.285701380686107,0.5,0.270185034181656,0.302499403902561,0.5,0
0.31900096733742,0.294366550961664,0,0.323217286613227,0.345169768754961,0,0.30322814604517,0.273911512557136,0.5,0.323217286613227,0.345169768754961,0.5,0.30322814604517,0.273911512557136,0.5,0.31900096733742,0.294366550961664,0.5,1.04947268556131
0.292326878292964,0.325168987585102,0,0.312724936724487,0.274524306628723,0.5,0.310525126326303,0.317894219341335,0.5,0.312724936724487,0.274524306628723,0.5,0.310525126326303,0.317894219341335,0,0.292326878292964,0.325168987585102,0,1.03101471808741
0.31702577960187,0.277164482691407,0.5,0.274969560102181,0.32281687927311,0.5,0.280025316578352,0.2889284565275,0,0.274969560102181,0.32281687927311,0.5,0.280025316578352,0.2889284565275,0,0.31702577960187,0.277164482691407,0,0
0.264681698716771,0.3088645921835,0,0.31006560808182,0.312961503408333,0.5,0.276117216962786,0.335254565719346,0.5,0.31006560808182,0.312961503408333,0.5,0.276117216962786,0.335254565719346,0,0.264681698716771,0.3088645921835,0,1.01161922049178
0.29016443171224,0.290248037733271,0.5,0.325948894736498,0.320861718846245,0,0.290394053927216,0.283597960915493,0,0.325948894736498,0.320861718846245,0.5,0.290394053927216,0.283597960915493,0.5,0.29016443171224,0.290248037733271,0,0
0.309654965600251,0.304558722516044,0,0.314801704884453,0.291296754768321,0.5,0.301785378607255,0.334049318590063,0.5,0.314801704884453,0.291296754768321,0.5,0.301785378607255,0.334049318590063,0.5,0.309654965600251,0.304558722516044,0,1.02614969261716
0.334908134567423,0.262598024347143,0.5,0.325100372532991,0.344521751117983,0.5,0.258646624498111,0.274172033029187,0.5,0.325100372532991,0.344521751117983,0,0.258646624498111,0.274172033029187,0,0.334908134567423,0.262598024347143,0.5,1.04253109015166
0.316545300608349,0.31826867953442,0,0.310030034454654,0.300401280636804,0,0.29235150861476,0.306036435865626,0,0.310030034454654,0.300401280636804,0.5,0.29235150861476,0.306036435865626,0.5,0.316545300608349,0.31826867953442,0.5,1.01651286219598
0.331783381841668,0.270606879637837,0,0.279772249531877,0.30030551144164,0,0.280975131892979,0.277146958331461,0,0.279772249531877,0.30030551144164,0,0.280975131892979,0.277146958331461,0.5,0.331783381841668,0.270606879637837,0.5,0
0.311365505368262,0.294603137449345,0.5,0.327510330117014,0.288868174825891,0.5,0.265632393766756,0.27605065401768,0.5,0.327510330117014,0.288868174825891,0,0.265632393766756,0.27605065401768,0.5,0.311365505368262,0.294603137449345,0,0
0.287139415698503,0.274772807960095,0,0.299461014714732,0.296783126303029,0.5,0.289492521155432,0.314371004721926,0.5,0.299461014714732,0.296783126303029,0,0.289492521155432,0.314371004721926,0.5,0.287139415698503,0.274772807960095,0.5,0
0.286065658495896,0.307510095901568,0,0.314265497007843,0.295833317753271,0,0.312598172455322,0.3223826708776,0.5,0.314265497007843,0.295833317753271,0.5,0.312598172455322,0.3223826708776,0,0.286065658495896,0.307510095901568,0,1.04806491752893
0.266898830782365,0.285081770835606,0,0.278262663483983,0.287924867942436,0,0.286542090345104,0.317590663144275,0,0.278262663483983,0.287924867942436,0.5,0.286542090345104,0.317590663144275,0.5,0.266898830782365,0.285081770835606,0,1.02242932256338
0.287234445348273,0.323747106337724,0.5,0.303291999301283,0.283903978341335,0.5,0.304262569287844,0.307330690754492,0,0.303291999301283,0.283903978341335,0.5,0.304262569287844,0.307330690754492,0,0.287234445348273,0.323747106337724,0.5,1.01616862433501
0.293711908713743,0.312072608959308,0.5,0.291510759371506,0.335679881976083,0,0.313726075838366,0.271188536149878,0,0.291510759371506,0.335679881976083,0.5,0.313726075838366,0.271188536149878,0,0.293711908713743,0.312072608959308,0.5,1.01286003050102
0.289637598696997,0.253290278069447,0,0.273385074295523,0.305772821134915,0.5,0.299093014713879,0.286662603451158,0,0.273385074295523,0.305772821134915,0.5,0.299093014713879,0.286662603451158,0.5,0.289637598696997,0.253290278069447,0,1.01671921516863
0.314051559271497,0.309290857393715,0,0.346645854611883,0.307597081184832,0,0.288858282381258,0.30887954933018,0.5,0.346645854611883,0.307597081184832,0,0.288858282381258,0.30887954933018,0.5,0.314051559271497,0.309290857393715,0.5,0
0.312719159930843,0.248487403978694,0.5,0.324806661250148,0.310149266081155,0,0.304687365296742,0.331079640870567,0,0.324806661250148,0.310149266081155,0.5,0.304687365296742,0.331079640870567,0,0.312719159930843,0.248487403978694,0.5,0
0.330383528375411,0.307495938729051,0.5,0.30727397790133,0.328125740185182,0,0.291200343707405,0.285763671479912,0,0.30727397790133,0.328125740185182,0.5,0.291200343707405,0.285763671479912,0.5,0.330383528375411,0.307495938729051,0,0
0.296336487583668,0.338319615813726,0,0.286821516873329,0.352786007548995,0.5,0.318487284373624,0.344750015758755,0.5,0.286821516873329,0.352786007548995,0,0.318487284373624,0.344750015758755,0.5,0.296336487583668,0.338319615813726,0.5,0
0.26152100243176,0.330399800661142,0.5,0.302141295186617,0.310129039122645,0,0.307766651880581,0.309118303864537,0.5,0.302141295186617,0.310129039122645,0.5,0.307766651880581,0.309118303864537,0.5,0.26152100243176,0.330399800661142,0,0
0.307153461337941,0.350553458565873,0,0.308186414872199,0.32906611291842,0,0.320920676329472,0.269898200502777,0,0.308186414872199,0.32906611291842,0,0.320920676329472,0.269898200502777,0,0.307153461337941,0.350553458565873,0.5,1.01289061166205
0.29258969849222,0.302208665762075,0.5,0.290034275186418,0.272607796828764,0.5,0.294108933487393,0.318037289314186,0.5,0.290034275186418,0.272607796828764,0,0.294108933487393,0.318037289314186,0.5,0.29258969849222,0.302208665762075,0,0
0.296780464268311,0.346772172180563,0.5,0.311021211580644,0.274569216732747,0,0.308886444629859,0.308949451572095,0,0.311021211580644,0.274569216732747,0.5,0.308886444629859,0.308949451572095,0,0.296780464268311,0.346772172180563,0,1.02347803659406
0.300453925568858,0.284224682264755,0.5,0.284434546160515,0.319599992896465,0.5,0.303265469650921,0.284325884885971,0,0.284434546160515,0.319599992896465,0.5,0.303265469650921,0.284325884885971,0.5,0.300453925568858,0.284224682264755,0,0
0.28185464356801,0.274919722129125,0,0.307712522894135,0.313698356028476,0,0.294998032393118,0.318716014989588,0,0.307712522894135,0.313698356028476,0,0.294998032393118,0.318716014989588,0.5,0.28185464356801,0.274919722129125,0.5,1.04535057661892
0.320013122962611,0.313037690573323,0.5,0.283916451603805,0.325005513296308,0.5,0.299674457580913,0.268107257818231,0.5,0.283916451603805,0.325005513296308,0.5,0.299674457580913,0.268107257818231,0,0.320013122962611,0.313037690573323,0,0
0.332754827968905,0.307806597214616,0,0.293252410094078,0.334229701876111,0,0.293502255455658,0.300840685844638,0,0.293252410094078,0.334229701876111,0,0.293502255455658,0.300840685844638,0.5,0.332754827968905,0.307806597214616,0.5,1.03412928307045
0.296980440763074,0.31040259063141,0.5,0.295654855546072,0.281697941198497,0.5,0.295955442639433,0.323785112986316,0,0.295654855546072,0.281697941198497,0.5,0.295955442639433,0.323785112986316,0,0.296980440763074,0.31040259063141,0.5,1.01743202367153
0.314391884987495,0.295630547409068,0.5,0.273602033160344,0.320164659606882,0.5,0.30567090671544,0.327986961349129,0.5,0.273602033160344,0.320164659606882,0,0.30567090671544,0.327986961349129,0.5,0.314391884987495,0.295630547409068,0,0
0.272013658574379,0.31503801909519,0,0.299441463007286,0.310433513440571,0,0.291995990885563,0.330828768526064,0.5,0.299441463007286,0.310433513440571,0,0.291995990885563,0.330828768526064,0,0.272013658574379,0.31503801909519,0.5,1.03005674609508
0.328749945166944,0.28119633298082,0,0.324438410902203,0.311854351241916,0.5,0.311167240956791,0.275218091220101,0.5,0.324438410902203,0.311854351241916,0,0.311167240956791,0.275218091220101,0,0.328749945166944,0.28119633298082,0,0
0.25886673220032,0.293028798676112,0.5,0.317088967138738,0.239066569664063,0,0.275285104950632,0.294597748397969,0.5,0.317088967138738,0.239066569664063,0,0.275285104950632,0.294597748397969,0.5,0.25886673220032,0.293028798676112,0.5,0
0.284822779136934,0.283910039647078,0.5,0.277452125924627,0.296350488577985,0,0.288300204341703,0.330183529932608,0,0.277452125924627,0.296350488577985,0.5,0.288300204341703,0.330183529932608,0,0.284822779136934,0.283910039647078,0,0
0.298272735386989,0.295774792687291,0.5,0.29074586011343,0.317812171165147,0,0.280872618768609,0.324402997958643,0.5,0.29074586011343,0.317812171165147,0.5,0.280872618768609,0.324402997958643,0,0.298272735386989,0.295774792687291,0,0
0.302614949457726,0.305647957557003,0.5,0.309420062647654,0.323337203249085,0,0.303604853392818,0.283789815121777,0,0.309420062647654,0.323337203249085,0.5,0.303604853392818,0.283789815121777,0.5,0.302614949457726,0.305647957557003,0.5,0
0.313963615315576,0.25819980329244,0,0.290296742329521,0.324124521326426,0.5,0.328050178669281,0.296650705851151,0,0.290296742329521,0.324124521326426,0,0.328050178669281,0.296650705851151,0.5,0.313963615315576,0.25819980329244,0,1.03198241335696
0.29899389074037,0.282203917988722,0.5,0.332366230807873,0.275489254256152,0.5,0.266636369320656,0.341657733125577,0.5,0.332366230807873,0.275489254256152,0.5,0.266636369320656,0.341657733125577,0,0.29899389074037,0.282203917988722,0,0
0.275722524468011,0.283721001467102,0,0.304205950153458,0.279256439136376,0.5,0.287338664909418,0.296616968730234,0,0.304205950153458,0.279256439136376,0,0.287338664909418,0.296616968730234,0,0.275722524468011,0.283721001467102,0.5,1.01456775043752
0.278115427537633,0.283221729585484,0,0.277137193949006,0.277252628364313,0,0.282401415354657,0.316215146638031,0,0.277137193949006,0.277252628364313,0,0.282401415354657,0.316215146638031,0,0.278115427537633,0.283221729585484,0,1.04699929032617
0.278267648250149,0.281492628082907,0.5,0.286142907334494,0.287097504963513,0,0.312718431267626,0.286363353019063,0.5,0.286142907334494,0.287097504963513,0,0.312718431267626,0.286363353019063,0,0.278267648250149,0.281492628082907,0,0
0.296557826916347,0.287780562482226,0.5,0.290120247169661,0.291822080641728,0,0.315447768978213,0.299455226246971,0,0.290120247169661,0.291822080641728,0.5,0.315447768978213,0.299455226246971,0,0.296557826916347,0.287780562482226,0,0
0.273608076382185,0.298453326765349,0.5,0.313488819108055,0.271111161518745,0,0.284744944231413,0.290692259643184,0,0.313488819108055,0.271111161518745,0,0.284744944231413,0.290692259643184,0,0.273608076382185,0.298453326765349,0.5,1.04897292909017
0.302407670834646,0.272233071221789,0,0.28735149327508,0.289756186647922,0,0.261900355794592,0.293194889512255,0,0.28735149327508,0.289756186647922,0,0.261900355794592,0.293194889512255,0.5,0.302407670834646,0.272233071221789,0,1.04703974471452
0.315694480392298,0.292486619703822,0.5,0.31711046709255,0.291519934983783,0.5,0.319096467235818,0.327268526787751,0.5,0.31711046709255,0.291519934983783,0,0.319096467235818,0.327268526787751,0,0.315694480392298,0.292486619703822,0.5,0
0.323230773978181,0.272244224232041,0.5,0.269081218824198,0.313089549217039,0.5,0.285605043725441,0.315101895150788,0,0.269081218824198,0.313089549217039,0.5,0.285605043725441,0.315101895150788,0,0.323230773978181,0.272244224232041,0,0
0.32861123475042,0.297106712879109,0.5,0.329191855146528,0.300396036559265,0,0.304236607121021,0.29865090961121,0.5,0.329191855146528,0.300396036559265,0.5,0.304236607121021,0.29865090961121,0.5,0.32861123475042,0.297106712879109,0,0
0.278667598381884,0.310581039529013,0,0.268172148600674,0.282086148464568,0.5,0.331477127563297,0.30239230871371,0,0.268172148600674,0.282086148464568,0.5,0.331477127563297,0.30239230871371,0,0.278667598381884,0.310581039529013,0.5,1.00054405150363
0.330869133475351,0.292320676285161,0,0.317315966140128,0.286864637232758,0.5,0.307400033435195,0.281146335090955,0,0.317315966140128,0.286864637232758,0.5,0.307400033435195,0.281146335090955,0.5,0.330869133475351,0.292320676285161,0.5,1.01083504523995
0.302629638981188,0.307967742651819,0.5,0.317638428930977,0.330459330966627,0.5,0.255557392388929,0.294291940591193,0.5,0.317638428930977,0.330459330966627,0,0.255557392388929,0.294291940591193,0.5,0.302629638981188,0.307967742651819,0.5,0
0.297732478179926,0.315805009700478,0,0.277587114343307,0.305666405434044,0.5,0.285985671218446,0.293113214907913,0.5,0.277587114343307,0.305666405434044,0.5,0.285985671218446,0.293113214907913,0.5,0.297732478179926,0.315805009700478,0,1.03449079516051
0.251797777306583,0.25197649659137,0.5,0.29915820628227,0.299691642299247,0.5,0.310170509810789,0.294797012011025,0.5,0.29915820628227,0.299691642299247,0,0.310170509810789,0.294797012011025,0.5,0.251797777306583,0.25197649659137,0,0
0.314740762332406,0.300138292589945,0.5,0.294190921329214,0.293243616217943,0.5,0.269848659668157,0.289935812056982,0.5,0.294190921329214,0.293243616217943,0.5,0.269848659668157,0.289935812056982,0.5,0.314740762332406,0.300138292589945,0.5,0
0.301868649686038,0.303321181365176,0.5,0.318146070351161,0.326794564790751,0.5,0.282894354641989,0.289694756527098,0.5,0.318146070351161,0.326794564790751,0.5,0.282894354641989,0.289694756527098,0.5,0.301868649686038,0.303321181365176,0.5,0
0.296487974801187,0.315477687018915,0,0.310754786416952,0.326279188301197,0,0.311843629586116,0.292753026446998,0.5,0.310754786416952,0.326279188301197,0,0.311843629586116,0.292753026446998,0,0.296487974801187,0.315477687018915,0,1.04685232830125
0.31159725586336,0.279414942538411,0,0.308667871354849,0.313052473929581,0.5,0.340909809853669,0.290164811103789,0,0.308667871354849,0.313052473929581,0,0.340909809853669,0.290164811103789,0.5,0.31159725586336,0.279414942538411,0,1.03041579439153
0.284557223674203,0.302708296696443,0,0.314498806387314,0.262841931485414,0.5,0.278864715654424,0.28710765521957,0,0.314498806387314,0.262841931485414,0,0.278864715654424,0.28710765521957,0.5,0.284557223674203,0.302708296696443,0,1.02518260920371
0.291715691893417,0.312469890139408,0.5,0.319701152678231,0.29421677250082,0.5,0.299557686891822,0.305183575821834,0.5,0.319701152678231,0.29421677250082,0,0.299557686891822,0.305183575821834,0,0.291715691893417,0.312469890139408,0,0
0.317164621603794,0.352123227698162,0,0.282905802049687,0.272020892997055,0.5,0.320188691816312,0.318778991904032,0.5,0.282905802049687,0.272020892997055,0,0.320188691816312,0.318778991904032,0.5,0.317164621603794,0.352123227698162,0.5,0
0.290970356315099,0.269710844414453,0.5,0.311358460383581,0.281904795444068,0,0.297001971174583,0.260508434109666,0.5,0.311358460383581,0.281904795444068,0.5,0.297001971174583,0.260508434109666,0,0.290970356315099,0.269710844414453,0,0
0.289820360318539,0.287005652742749,0,0.294787470806678,0.281816712419011,0,0.315651334124038,0.29421469941702,0,0.294787470806678,0.281816712419011,0,0.315651334124038,0.29421469941702,0,0.289820360318539,0.287005652742749,0.5,1.04321978481398
0.32873627567743,0.307929885419942,0.5,0.333746159153015,0.31763912720324,0.5,0.295256284602768,0.310685665081,0,0.333746159153015,0.31763912720324,0.5,0.295256284602768,0.310685665081,0.5,0.32873627567743,0.307929885419942,0,1.007687223903
0.306496313930591,0.297473043931993,0.5,0.311044150180567,0.284870072460506,0,0.297522219284209,0.312348444619269,0.5,0.311044150180567,0.284870072460506,0,0.297522219284209,0.312348444619269,0,0.306496313930591,0.297473043931993,0,0
0.29099714586888,0.303093302707863,0.5,0.31622942893103,0.299505509380338,0.5,0.276696980710747,0.303852379080229,0,0.31622942893103,0.299505509380338,0.5,0.276696980710747,0.303852379080229,0,0.29099714586888,0.303093302707863,0.5,1.0067836853789
0.298429406566447,0.294200914663087,0,0.336899553654209,0.328935344733677,0.5,0.301468934866553,0.305650987334417,0,0.336899553654209,0.328935344733677,0,0.301468934866553,0.305650987334417,0,0.298429406566447,0.294200914663087,0.5,0.98892323240328
0.345552952652747,0.243922082354701,0,0.303198626310156,0.274798074583517,0.5,0.276847463332487,0.321174940016788,0,0.303198626310156,0.274798074583517,0.5,0.276847463332487,0.321174940016788,0,0.345552952652747,0.243922082354701,0,1.01186470839629
0.319258615248494,0.308578561045368,0,0.344908624008386,0.288981865114698,0,0.299124157940304,0.27127436930046,0,0.344908624008386,0.288981865114698,0,0.299124157940304,0.27127436930046,0.5,0.319258615248494,0.308578561045368,0.5,1.04817067443997
0.29208736750441,0.314238795072464,0.5,0.297009721903348,0.308047299433609,0.5,0.272586052744307,0.291267583748656,0,0.297009721903348,0.308047299433609,0,0.272586052744307,0.291267583748656,0,0.29208736750441,0.314238795072464,0.5,1.03038041595095
0.287388760951715,0.316930360631083,0,0.290573685984571,0.299273864426873,0,0.281014359870178,0.313784949964548,0,0.290573685984571,0.299273864426873,0.5,0.281014359870178,0.313784949964548,0.5,0.287388760951715,0.316930360631083,0,1.00615829755002
0.285750748245605,0.283261008379611,0,0.30393677355527,0.29637090248182,0,0.277502898825327,0.305219766332305,0,0.30393677355527,0.29637090248182,0,0.277502898825327,0.305219766332305,0,0.285750748245605,0.283261008379611,0.5,1.02510939105438
0.299563363258324,0.311746032006615,0,0.273924224114668,0.291139419219459,0,0.302183906606752,0.306119761974883,0.5,0.273924224114668,0.291139419219459,0,0.302183906606752,0.306119761974883,0.5,0.299563363258324,0.311746032006615,0,0
0.263669138053573,0.326889594851633,0.5,0.302786918252898,0.323532988045734,0.5,0.274484632020658,0.318238041406321,0,0.302786918252898,0.323532988045734,0,0.274484632020658,0.318238041406321,0,0.263669138053573,0.326889594851633,0.5,1.01621666287017
0.311562589425464,0.313340094104511,0,0.284500803093692,0.287920671336246,0,0.29131212826691,0.30690501219326,0.5,0.284500803093692,0.287920671336246,0,0.29131212826691,0.30690501219326,0,0.311562589425464,0.313340094104511,0,0
0.293714741334853,0.308363555754931,0,0.310611047450735,0.315872469455285,0,0.304367280366606,0.310716064389119,0,0.310611047450735,0.315872469455285,0.5,0.304367280366606,0.310716064389119,0,0.293714741334853,0.308363555754931,0,1.00404319408349
0.308391953843628,0.301891685677969,0,0.289976777107945,0.315394572886828,0.5,0.268239171543733,0.325928228294509,0,0.289976777107945,0.315394572886828,0,0.268239171543733,0.325928228294509,0,0.308391953843628,0.301891685677969,0,0.999839796923703
0.286133492165539,0.307799086194524,0,0.317438452904106,0.281848097169198,0.5,0.316047065555469,0.26701365699066,0,0.317438452904106,0.281848097169198,0,0.316047065555469,0.26701365699066,0.5,0.286133492165539,0.307799086194524,0.5,0
0.28032814644416,0.319129532964204,0,0.299308362090094,0.329788958745157,0,0.304231336685347,0.298956883360872,0.5,0.299308362090094,0.329788958745157,0,0.304231336685347,0.298956883360872,0,0.28032814644416,0.319129532964204,0.5,1.03085634001637
0.317324375146829,0.324871300944981,0.5,0.289272078718433,0.267674666005161,0,0.288096956010751,0.279668507751591,0,0.289272078718433,0.267674666005161,0.5,0.288096956010751,0.279668507751591,0,0.317324375146829,0.324871300944981,0.5,1.02830183804309
0.314673046831301,0.327332825120056,0,0.293711648571559,0.291887865397103,0,0.294448540909778,0.29254155895055,0.5,0.293711648571559,0.291887865397103,0,0.294448540909778,0.29254155895055,0.5,0.314673046831301,0.327332825120056,0.5,0
0.325677713346476,0.31272771384397,0,0.263833045538984,0.316378318608996,0.5,0.323478262465664,0.321844527995537,0.5,0.263833045538984,0.316378318608996,0.5,0.323478262465664,0.321844527995537,0,0.325677713346476,0.31272771384397,0.5,1.02570253796497
0.271871638082734,0.316357222804617,0.5,0.333546292879511,0.288600967250316,0.5,0.303589068458962,0.311273510611611,0.5,0.333546292879511,0.288600967250316,0.5,0.303589068458962,0.311273510611611,0.5,0.271871638082734,0.316357222804617,0.5,0
0.269623415552255,0.305513049962281,0,0.292805042979498,0.285087197350608,0,0.275805156145996,0.336418950793706,0,0.292805042979498,0.285087197350608,0.5,0.275805156145996,0.336418950793706,0.5,0.269623415552255,0.305513049962281,0.5,0
0.316344352738018,0.288856319241578,0,0.306431570903975,0.317912657512418,0,0.278151125101834,0.299280793991714,0,0.306431570903975,0.317912657512418,0.5,0.278151125101834,0.299280793991714,0,0.316344352738018,0.288856319241578,0.5,0.996313395913439
0.258883101949572,0.307069239623431,0,0.297112953639666,0.301110337183655,0.5,0.301370133166999,0.262590649551613,0.5,0.297112953639666,0.301110337183655,0,0.301370133166999,0.262590649551613,0,0.258883101949572,0.307069239623431,0.5,0
0.312944359062017,0.272542708503942,0.5,0.295372050322087,0.262292205694236,0,0.305043347483157,0.294274379458258,0.5,0.295372050322087,0.262292205694236,0,0.305043347483157,0.294274379458258,0,0.312944359062017,0.272542708503942,0,0
0.295527448875412,0.323099321380744,0,0.307676083829346,0.3000542169716,0.5,0.279220288026094,0.305437308967987,0,0.307676083829346,0.3000542169716,0,0.279220288026094,0.305437308967987,0.5,0.295527448875412,0.323099321380744,0.5,1.01534807557996
0.298990785367326,0.316778937620277,0,0.32895537697497,0.316156740961389,0.5,0.30200269430567,0.310519037383443,0,0.32895537697497,0.316156740961389,0.5,0.30200269430567,0.310519037383443,0,0.298990785367326,0.316778937620277,0,0.97651454936473
0.298916636388202,0.284742461527218,0.5,0.332339759935581,0.305076729832855,0.5,0.306035569054015,0.297420233566082,0,0.332339759935581,0.305076729832855,0,0.306035569054015,0.297420233566082,0,0.298916636388202,0.284742461527218,0.5,1.03546946001195
0.299844530064329,0.281196166886229,0,0.327117726738196,0.312861722188265,0,0.29416399239645,0.280042439503554,0,0.327117726738196,0.312861722188265,0,0.29416399239645,0.280042439503554,0.5,0.299844530064329,0.281196166886229,0,1.03817903176829
0.311892470908974,0.305199599876075,0.5,0.314411065215997,0.297887723894076,0,0.285452566685338,0.3152860651719,0.5,0.314411065215997,0.297887723894076,0,0.285452566685338,0.3152860651719,0,0.311892470908974,0.305199599876075,0,0
0.331878048374456,0.313801186105463,0,0.315843098506594,0.294664843688204,0.5,0.284065889121114,0.315915013300476,0,0.315843098506594,0.294664843688204,0,0.284065889121114,0.315915013300476,0,0.331878048374456,0.313801186105463,0.5,0.994181013376771
0.295577118073488,0.272193791716049,0.5,0.320582925037203,0.310199115618318,0.5,0.276102881920531,0.299586849423416,0.5,0.320582925037203,0.310199115618318,0.5,0.276102881920531,0.299586849423416,0,0.295577118073488,0.272193791716049,0.5,1.04897932431217
0.291082141843532,0.308243881906371,0.5,0.281002321548811,0.28550674410067,0,0.309784688406585,0.281116202931556,0.5,0.281002321548811,0.28550674410067,0,0.309784688406585,0.281116202931556,0,0.291082141843532,0.308243881906371,0,0
0.312993033484113,0.271729238194699,0,0.279953814375403,0.319449931512226,0.5,0.25138011006707,0.318671128984258,0.5,0.279953814375403,0.319449931512226,0,0.25138011006707,0.318671128984258,0,0.312993033484113,0.271729238194699,0.5,1.01928449560843
0.308062461815501,0.321062274891341,0.5,0.293575273531038,0.282799323864576,0.5,0.303640944182243,0.312176722823266,0,0.293575273531038,0.282799323864576,0.5,0.303640944182243,0.312176722823266,0,0.308062461815501,0.321062274891341,0,1.03040593723944
0.288583556385152,0.307812215237715,0,0.295858002852691,0.315104976214524,0,0.334163341184857,0.293381460660091,0,0.295858002852691,0.315104976214524,0,0.334163341184857,0.293381460660091,0.5,0.288583556385152,0.307812215237715,0,1.04084849926018
0.333774250885203,0.276946190539895,0.5,0.336843275854252,0.304140623221375,0,0.329814344916474,0.305716550626728,0,0.336843275854252,0.304140623221375,0,0.329814344916474,0.305716550626728,0,0.333774250885203,0.276946190539895,0.5,1.04559886305819
0.308152064049461,0.307491124246951,0,0.305256867905417,0.281782506098968,0.5,0.312642404373656,0.363694537510589,0,0.305256867905417,0.281782506098968,0,0.312642404373656,0.363694537510589,0,0.308152064049461,0.307491124246951,0.5,0.99932819250812
0.322655131973925,0.31752369700177,0,0.307625036370724,0.332512597633013,0,0.278372200645947,0.305260884504605,0,0.307625036370724,0.332512597633013,0.5,0.278372200645947,0.305260884504605,0,0.322655131973925,0.31752369700177,0.5,0.98241258407766
0.304793453038722,0.320405402048407,0,0.327200595554532,0.291262708197514,0,0.310047221476272,0.341537401998757,0,0.327200595554532,0.291262708197514,0.5,0.310047221476272,0.341537401998757,0.5,0.304793453038722,0.320405402048407,0,1.00121075763032
0.280814327914855,0.323906485867944,0.5,0.315607728240379,0.306961287580402,0.5,0.284380032210301,0.278389057625313,0.5,0.315607728240379,0.306961287580402,0,0.284380032210301,0.278389057625313,0.5,0.280814327914855,0.323906485867944,0.5,0
0.301060115259283,0.304242353691917,0,0.346415253442902,0.352158468210748,0,0.312555758407675,0.292534163612428,0.5,0.346415253442902,0.352158468210748,0.5,0.312555758407675,0.292534163612428,0,0.301060115259283,0.304242353691917,0,1.02808103544184
0.29290993283883,0.285200837700213,0.5,0.300131491312842,0.326304691669606,0.5,0.304777516809547,0.24433352634292,0.5,0.300131491312842,0.326304691669606,0.5,0.304777516809547,0.24433352634292,0,0.29290993283883,0.285200837700213,0,0
0.29149359731728,0.285200639138483,0.5,0.321658366734988,0.30926171248105,0.5,0.265985611242662,0.305557700328798,0.5,0.321658366734988,0.30926171248105,0,0.265985611242662,0.305557700328798,0,0.29149359731728,0.285200639138483,0.5,1.04698222590714
0.290741844240728,0.319950974587643,0.5,0.304326690193679,0.275895222617196,0.5,0.318719456862399,0.292228624864936,0.5,0.304326690193679,0.275895222617196,0,0.318719456862399,0.292228624864936,0.5,0.290741844240728,0.319950974587643,0.5,0
0.289433508670881,0.289444956054309,0.5,0.292964185369038,0.310790332996372,0.5,0.296422850767005,0.306433594823039,0,0.292964185369038,0.310790332996372,0.5,0.296422850767005,0.306433594823039,0.5,0.289433508670881,0.289444956054309,0,0
0.305547207675811,0.317255551460341,0.5,0.311884604983823,0.322044931608081,0.5,0.317471159979562,0.346263833103206,0,0.311884604983823,0.322044931608081,0.5,0.317471159979562,0.346263833103206,0.5,0.305547207675811,0.317255551460341,0,1.00831731338294
0.310772556178908,0.314963831598404,0.5,0.30672606259945,0.302284175243112,0,0.316945163937629,0.290805349341922,0,0.30672606259945,0.302284175243112,0,0.316945163937629,0.290805349341922,0,0.310772556178908,0.314963831598404,0.5,1.04132185792535
0.269246617122351,0.30098089359011,0.5,0.275140442202585,0.279404435114511,0,0.308206658022089,0.284912834347759,0.5,0.275140442202585,0.279404435114511,0.5,0.308206658022089,0.284912834347759,0.5,0.269246617122351,0.30098089359011,0.5,0
0.278941404537079,0.320032671791967,0,0.271853596991288,0.260578444089601,0,0.303303323543656,0.315888520336425,0.5,0.271853596991288,0.260578444089601,0.5,0.303303323543656,0.315888520336425,0.5,0.278941404537079,0.320032671791967,0.5,0
0.302288229633987,0.258310033182623,0.5,0.299608770965775,0.29370565869956,0,0.354932362898223,0.293262337522397,0.5,0.299608770965775,0.29370565869956,0,0.354932362898223,0.293262337522397,0,0.302288229633987,0.258310033182623,0.5,0
0.296653608548423,0.344801554399434,0.5,0.270016500872638,0.313647642895169,0.5,0.270905197670291,0.311824753259599,0,0.270016500872638,0.313647642895169,0.5,0.270905197670291,0.311824753259599,0.5,0.296653608548423,0.344801554399434,0,1.01505237804512
0.283537251495176,0.313762637617394,0.5,0.281618858175493,0.304344536558214,0,0.267378214247545,0.337201651461107,0,0.281618858175493,0.304344536558214,0.5,0.267378214247545,0.337201651461107,0,0.283537251495176,0.313762637617394,0,1.01404554831989
0.283557917992747,0.281833832798672,0,0.307571394002362,0.316504381483743,0,0.290354076421484,0.289003806124032,0,0.307571394002362,0.316504381483743,0.5,0.290354076421484,0.289003806124032,0.5,0.283557917992747,0.281833832798672,0.5,0
0.271467905057862,0.305695345679059,0.5,0.310726526668411,0.337156403277898,0.5,0.307176929631933,0.282394026584405,0.5,0.310726526668411,0.337156403277898,0,0.307176929631933,0.282394026584405,0,0.271467905057862,0.305695345679059,0.5,1.04848567923864
0.307010672958231,0.256391846576024,0,0.306720822902984,0.316790068075062,0.5,0.311157986977898,0.271528817761356,0.5,0.306720822902984,0.316790068075062,0,0.311157986977898,0.271528817761356,0.5,0.307010672958231,0.256391846576024,0,0
0.283502607625312,0.32269925582124,0.5,0.26751678072487,0.324278711193436,0.5,0.30873678329257,0.311589640654561,0.5,0.26751678072487,0.324278711193436,0,0.30873678329257,0.311589640654561,0,0.283502607625312,0.32269925582124,0.5,0
0.275571414895332,0.313929964641879,0.5,0.278141862687002,0.293892437442753,0.5,0.323863149549363,0.306749554757363,0,0.278141862687002,0.293892437442753,0.5,0.323863149549363,0.306749554757363,0,0.275571414895332,0.313929964641879,0,0
0.305246814364905,0.26042937941458,0.5,0.302382816392683,0.296526002844374,0.5,0.324363163064874,0.29743989317167,0.5,0.302382816392683,0.296526002844374,0,0.324363163064874,0.29743989317167,0,0.305246814364905,0.26042937941458,0.5,0
0.262818371259574,0.296487755760281,0.5,0.27321992131814,0.307110201726584,0,0.319001767147761,0.295535530303085,0,0.27321992131814,0.307110201726584,0,0.319001767147761,0.295535530303085,0,0.262818371259574,0.296487755760281,0,0
0.2697579950083,0.304808788765844,0.5,0.281315794571432,0.274224204544154,0,0.292009358622516,0.303942392405438,0,0.281315794571432,0.274224204544154,0.5,0.292009358622516,0.303942392405438,0.5,0.2697579950083,0.304808788765844,0,0
0.316748988777658,0.310870987052995,0,0.332632447700231,0.295956513910519,0,0.277914278155004,0.290015233704267,0.5,0.332632447700231,0.295956513910519,0.5,0.277914278155004,0.290015233704267,0.5,0.316748988777658,0.310870987052995,0.5,0
0.261333939571454,0.30690615324771,0,0.281451008576417,0.280716077191059,0,0.278202179427061,0.32322214480564,0.5,0.281451008576417,0.280716077191059,0.5,0.278202179427061,0.32322214480564,0.5,0.261333939571454,0.30690615324771,0,0
0.339850936919532,0.321453068752295,0,0.280666901190883,0.300467093816298,0.5,0.310513409731207,0.31486457531455,0,0.280666901190883,0.300467093816298,0.5,0.310513409731207,0.31486457531455,0.5,0.339850936919532,0.321453068752295,0.5,1.00231973621103
0.273025629453193,0.310691471846669,0.5,0.315772704820349,0.321598215299787,0.5,0.29340068069136,0.310203786096004,0,0.315772704820349,0.321598215299787,0.5,0.29340068069136,0.310203786096004,0,0.273025629453193,0.310691471846669,0.5,1.00039665366018
0.272088567918291,0.31365969031772,0.5,0.323285919954842,0.31019323171341,0,0.249367834831233,0.26438471296373,0.5,0.323285919954842,0.31019323171341,0,0.249367834831233,0.26438471296373,0,0.272088567918291,0.31365969031772,0.5,1.04676874878533
0.299436790296832,0.306304131394564,0.5,0.263418843934934,0.324288054512592,0,0.296810259994294,0.30306737702161,0.5,0.263418843934934,0.324288054512592,0,0.296810259994294,0.30306737702161,0,0.299436790296832,0.306304131394564,0.5,0
0.291309009735437,0.29419206961685,0,0.304864261391811,0.336171791958321,0.5,0.324963680291267,0.268726735540994,0,0.304864261391811,0.336171791958321,0.5,0.324963680291267,0.268726735540994,0,0.291309009735437,0.29419206961685,0.5,0.982901120786033
0.301018021825649,0.321183564564828,0.5,0.272046294096235,0.283582059605289,0.5,0.324412967805425,0.307110665464929,0.5,0.272046294096235,0.283582059605289,0,0.324412967805425,0.307110665464929,0.5,0.301018021825649,0.321183564564828,0,0
0.286103260082506,0.32043133467287,0.5,0.278428266410745,0.304545725749411,0.5,0.282306012789021,0.283904618703547,0,0.278428266410745,0.304545725749411,0,0.282306012789021,0.283904618703547,0.5,0.286103260082506,0.32043133467287,0.5,0
0.327099426828332,0.281277909058998,0,0.301024374292408,0.310639100908325,0,0.284711163013575,0.304665892647935,0,0.301024374292408,0.310639100908325,0.5,0.284711163013575,0.304665892647935,0,0.327099426828332,0.281277909058998,0,1.01603232879889
0.322492337055692,0.316454897578211,0,0.3161940783706,0.314746388056121,0.5,0.318683605778507,0.354579970829141,0.5,0.3161940783706,0.314746388056121,0,0.318683605778507,0.354579970829141,0.5,0.322492337055692,0.316454897578211,0,1.01732825597395
0.294630917028565,0.293724922393415,0.5,0.30346466319553,0.292824810429309,0,0.294886238317798,0.314494864549102,0,0.30346466319553,0.292824810429309,0.5,0.294886238317798,0.314494864549102,0,0.294630917028565,0.293724922393415,0,0
0.298898512386304,0.276610670910912,0.5,0.287026391735096,0.297621519445271,0,0.282817356398129,0.314263825017447,0,0.287026391735096,0.297621519445271,0.5,0.282817356398129,0.314263825017447,0.5,0.298898512386304,0.276610670910912,0,0
0.298039057457049,0.277411949385162,0,0.290753172478872,0.297665021340395,0.5,0.31386218617944,0.311033904545277,0.5,0.290753172478872,0.297665021340395,0.5,0.31386218617944,0.311033904545277,0,0.298039057457049,0.277411949385162,0,0
0.315581684032855,0.303314390307584,0.5,0.284691698857876,0.299793676653628,0,0.323425399795268,0.281139297233526,0.5,0.284691698857876,0.299793676653628,0.5,0.323425399795268,0.281139297233526,0,0.315581684032855,0.303314390307584,0.5,0
0.280670010245225,0.305186931438997,0.5,0.31101022647687,0.276186505185942,0.5,0.317325919358338,0.331259296931342,0,0.31101022647687,0.276186505185942,0.5,0.317325919358338,0.331259296931342,0.5,0.280670010245225,0.305186931438997,0.5,0
0.276781561928064,0.264515846475052,0,0.268970566947315,0.30013569620277,0,0.312110285941526,0.299274791476675,0,0.268970566947315,0.30013569620277,0.5,0.312110285941526,0.299274791476675,0.5,0.276781561928064,0.264515846475052,0,1.03569959849821
0.354267536946618,0.295314827567415,0,0.328369075469297,0.292746610337173,0.5,0.262619436368995,0.271208132891338,0,0.328369075469297,0.292746610337173,0,0.262619436368995,0.271208132891338,0.5,0.354267536946618,0.295314827567415,0,1.01479047709542
0.259960623718959,0.321032492755071,0,0.317147778186598,0.265194898073603,0.5,0.287708281986425,0.267557502010824,0.5,0.317147778186598,0.265194898073603,0,0.287708281986425,0.267557502010824,0,0.259960623718959,0.321032492755071,0.5,0
0.278220963845748,0.306349801433366,0.5,0.299258177383651,0.265098006706708,0,0.269676577681788,0.282554448771706,0.5,0.299258177383651,0.265098006706708,0,0.269676577681788,0.282554448771706,0.5,0.278220963845748,0.306349801433366,0,0
0.323523430420984,0.333213206542928,0,0.291084875609685,0.296213669000862,0.5,0.304574776053044,0.349222190348183,0,0.291084875609685,0.296213669000862,0,0.304574776053044,0.349222190348183,0.5,0.323523430420984,0.333213206542928,0,1.00301453358685
0.254566273353433,0.29552726201574,0,0.301423988986218,0.273133377911046,0,0.282143038500334,0.257602816319252,0,0.301423988986218,0.273133377911046,0.5,0.282143038500334,0.257602816319252,0.5,0.254566273353433,0.29552726201574,0,1.03019248739065
0.309767142436512,0.294550826067423,0.5,0.307573459956727,0.288363253220452,0,0.280422945441281,0.273714332041085,0,0.307573459956727,0.288363253220452,0,0.280422945441281,0.273714332041085,0.5,0.309767142436512,0.294550826067423,0,0
0.306503488588396,0.283694029745904,0,0.31654412592541,0.304996897324282,0.5,0.28593175885173,0.291129086706567,0.5,0.31654412592541,0.304996897324282,0.5,0.28593175885173,0.291129086706567,0,0.306503488588396,0.283694029745904,0,1.03195244068122
0.289394035945521,0.33983640497659,0,0.313528698942102,0.290120837238043,0,0.314853026340707,0.340820127355143,0,0.313528698942102,0.290120837238043,0.5,0.314853026340707,0.340820127355143,0.5,0.289394035945521,0.33983640497659,0,0.998784446882741
0.253055682355256,0.294125946760473,0.5,0.283494729455626,0.300317946527228,0,0.321791564136987,0.262637451254727,0.5,0.283494729455626,0.300317946527228,0.5,0.321791564136987,0.262637451254727,0,0.253055682355256,0.294125946760473,0,0
0.287726333469319,0.313104573870982,0,0.292695511626265,0.320490507361788,0.5,0.282725594123572,0.32076416810879,0.5,0.292695511626265,0.320490507361788,0.5,0.282725594123572,0.32076416810879,0.5,0.287726333469319,0.313104573870982,0.5,0
0.305709113478611,0.306595891326424,0,0.31714816988864,0.293347528307562,0.5,0.287562287425639,0.293623983244746,0,0.31714816988864,0.293347528307562,0,0.287562287425639,0.293623983244746,0.5,0.305709113478611,0.306595891326424,0.5,1.02345606206847
0.316918311684822,0.33799818950837,0.5,0.305971125724356,0.293027581858717,0.5,0.299396874155883,0.312274951218923,0.5,0.305971125724356,0.293027581858717,0.5,0.299396874155883,0.312274951218923,0.5,0.316918311684822,0.33799818950837,0.5,0
0.326721644243344,0.273371417539474,0,0.276028533408105,0.285023341441376,0.5,0.261218681267976,0.31526994262113,0.5,0.276028533408105,0.285023341441376,0.5,0.261218681267976,0.31526994262113,0.5,0.326721644243344,0.273371417539474,0.5,0
0.270594795459268,0.29852646444828,0,0.30771839335211,0.299737101306658,0.5,0.320250258665104,0.282167085933748,0.5,0.30771839335211,0.299737101306658,0.5,0.320250258665104,0.282167085933748,0.5,0.270594795459268,0.29852646444828,0.5,0
0.31748149065265,0.288303667111368,0.5,0.298504666617998,0.334176293215674,0,0.306106196498445,0.291762703386385,0,0.298504666617998,0.334176293215674,0,0.306106196498445,0.291762703386385,0,0.31748149065265,0.288303667111368,0,1.04884313987639
0.290416447718719,0.309431551585779,0.5,0.277087416969746,0.320158662570863,0,0.282381848533903,0.295475507677896,0,0.277087416969746,0.320158662570863,0,0.282381848533903,0.295475507677896,0.5,0.290416447718719,0.309431551585779,0.5,0
0.314587094430923,0.289693318381622,0.5,0.304863899949475,0.32428770393026,0,0.299675443509756,0.316816553562823,0,0.304863899949475,0.32428770393026,0.5,0.299675443509756,0.316816553562823,0.5,0.314587094430923,0.289693318381622,0.5,0
0.322503318387638,0.278288838021592,0,0.309667414292645,0.27247350006911,0.5,0.306425339433719,0.267303355065976,0,0.309667414292645,0.27247350006911,0.5,0.306425339433719,0.267303355065976,0,0.322503318387638,0.278288838021592,0,1.01847926388142
0.284643628274531,0.314668158496844,0.5,0.287784249203004,0.322286684646887,0,0.294246838563007,0.294996138463188,0,0.287784249203004,0.322286684646887,0.5,0.294246838563007,0.294996138463188,0.5,0.284643628274531,0.314668158496844,0.5,0
0.285864316574111,0.308610847561575,0.5,0.313249644748368,0.299217574073673,0.5,0.303915742341303,0.282628183285803,0.5,0.313249644748368,0.299217574073673,0.5,0.303915742341303,0.282628183285803,0.5,0.285864316574111,0.308610847561575,0.5,0
0.290349425381922,0.300587452849952,0.5,0.278572729996862,0.322671824183024,0,0.33145956900445,0.284274234133595,0,0.278572729996862,0.322671824183024,0,0.33145956900445,0.284274234133595,0.5,0.290349425381922,0.300587452849952,0,0
0.287321978077222,0.282013931317484,0.5,0.322197253544905,0.30849862117654,0,0.330262978365085,0.287980980629725,0.5,0.322197253544905,0.30849862117654,0,0.330262978365085,0.287980980629725,0.5,0.287321978077222,0.282013931317484,0,0
0.294818008402111,0.297582734416573,0,0.265400616183841,0.297480078661988,0,0.280162948146168,0.298722862974436,0,0.265400616183841,0.297480078661988,0.5,0.280162948146168,0.298722862974436,0,0.294818008402111,0.297582734416573,0,1.02106511569914
0.287195206883138,0.304649703715968,0.5,0.276912470398031,0.271563796661548,0,0.303646173352115,0.298099739473182,0,0.276912470398031,0.271563796661548,0.5,0.303646173352115,0.298099739473182,0.5,0.287195206883138,0.304649703715968,0.5,0
0.325737776558956,0.330346020071783,0.5,0.279631287817034,0.286060449299693,0.5,0.334964044204626,0.296531943646417,0.5,0.279631287817034,0.286060449299693,0.5,0.334964044204626,0.296531943646417,0.5,0.325737776558956,0.330346020071783,0,0
0.284840423844843,0.313192560036426,0,0.343351111850758,0.249288212568264,0.5,0.2484251970593,0.307376173295884,0.5,0.343351111850758,0.249288212568264,0.5,0.2484251970593,0.307376173295884,0,0.284840423844843,0.313192560036426,0.5,1.01416658008397
0.303647230940133,0.290707303802004,0.5,0.311614972761506,0.310517917566718,0.5,0.287865768756767,0.273403156204946,0.5,0.311614972761506,0.310517917566718,0,0.287865768756767,0.273403156204946,0.5,0.303647230940133,0.290707303802004,0.5,0
0.315429447366531,0.31186858802308,0.5,0.333380582145702,0.284010145739724,0.5,0.322952864556523,0.296966672388358,0.5,0.333380582145702,0.284010145739724,0.5,0.322952864556523,0.296966672388358,0.5,0.315429447366531,0.31186858802308,0,0
0.314785995220692,0.311831743368047,0.5,0.272492555767673,0.293887221328151,0.5,0.295043585045722,0.310658119746511,0.5,0.272492555767673,0.293887221328151,0.5,0.295043585045722,0.310658119746511,0.5,0.314785995220692,0.311831743368047,0,0
0.276351484755867,0.332134722020134,0.5,0.293642914424211,0.287583204750262,0.5,0.270106009369956,0.281923320250267,0.5,0.293642914424211,0.287583204750262,0,0.270106009369956,0.281923320250267,0,0.276351484755867,0.332134722020134,0.5,0
0.311524336092532,0.268385867993694,0.5,0.290835800338902,0.295169325754162,0,0.266550388434458,0.314208831584338,0,0.290835800338902,0.295169325754162,0.5,0.266550388434458,0.314208831584338,0.5,0.311524336092532,0.268385867993694,0,0
0.29231212019203,0.298406722714005,0.5,0.314765940226478,0.291857853603219,0,0.290952371086691,0.317379837816096,0.5,0.314765940226478,0.291857853603219,0.5,0.290952371086691,0.317379837816096,0,0.29231212019203,0.298406722714005,0.5,0
0.272177118774938,0.305061544804429,0,0.287053737155491,0.276491754401707,0.5,0.301768684344391,0.31888571726425,0.5,0.287053737155491,0.276491754401707,0.5,0.301768684344391,0.31888571726425,0.5,0.272177118774938,0.305061544804429,0.5,0
0.306723265812801,0.306260628175946,0,0.301028990379732,0.310488918172011,0,0.2994175370565,0.301112349321716,0.5,0.301028990379732,0.310488918172011,0,0.2994175370565,0.301112349321716,0,0.306723265812801,0.306260628175946,0,0
0.269836650129658,0.317459153679868,0,0.302702363805952,0.317235497992501,0,0.315142202041286,0.323021528766635,0,0.302702363805952,0.317235497992501,0,0.315142202041286,0.323021528766635,0,0.269836650129658,0.317459153679868,0,1.02316276219408
0.31280380278673,0.271960554980908,0,0.270557853420345,0.319452323734958,0,0.306506618551475,0.307725169591469,0.5,0.270557853420345,0.319452323734958,0.5,0.306506618551475,0.307725169591469,0.5,0.31280380278673,0.271960554980908,0,0
0.30057758957496,0.302683516093028,0,0.323423959996098,0.30924757250058,0.5,0.292176218750636,0.298500146532387,0.5,0.323423959996098,0.30924757250058,0,0.292176218750636,0.298500146532387,0,0.30057758957496,0.302683516093028,0.5,1.01568672194884
0.291895463033425,0.307596675652401,0,0.300956834079124,0.294137320389829,0,0.317144984506815,0.286437561903116,0,0.300956834079124,0.294137320389829,0,0.317144984506815,0.286437561903116,0,0.291895463033425,0.307596675652401,0,1.04629995446318
0.316102798640538,0.34680103142084,0,0.301934365714757,0.30703093611273,0.5,0.324000134559333,0.284451011132395,0,0.301934365714757,0.30703093611273,0.5,0.324000134559333,0.284451011132395,0.5,0.316102798640538,0.34680103142084,0,0.987535093353887
0.310362924442744,0.340388165678833,0.5,0.290850629005082,0.319107054903434,0.5,0.330584628007065,0.292512309077106,0.5,0.290850629005082,0.319107054903434,0.5,0.330584628007065,0.292512309077106,0.5,0.310362924442744,0.340388165678833,0.5,0
0.317501319325664,0.289443550370705,0,0.296226885781178,0.300652647432613,0,0.358978537523436,0.252976685013818,0.5,0.296226885781178,0.300652647432613,0,0.358978537523436,0.252976685013818,0.5,0.317501319325664,0.289443550370705,0,0
0.281720799919239,0.299565029114683,0.5,0.299662986869572,0.307723829761351,0.5,0.316813276999887,0.286212002180702,0,0.299662986869572,0.307723829761351,0.5,0.316813276999887,0.286212002180702,0.5,0.281720799919239,0.299565029114683,0.5,0
0.315294776761818,0.264812823365112,0,0.280815808844591,0.317805083819536,0.5,0.280234508604516,0.287895069403972,0.5,0.280815808844591,0.317805083819536,0.5,0.280234508604516,0.287895069403972,0.5,0.315294776761818,0.264812823365112,0,1.04452003214622
0.270023221511655,0.292738024586857,0,0.306093743643221,0.283380780668532,0.5,0.2925675563217,0.303371713584363,0,0.306093743643221,0.283380780668532,0.5,0.2925675563217,0.303371713584363,0,0.270023221511655,0.292738024586857,0.5,0.986858066980723
0.285329194588328,0.29748545044623,0,0.308313731265572,0.298492212098654,0.5,0.287109936245042,0.307176246166901,0,0.308313731265572,0.298492212098654,0,0.287109936245042,0.307176246166901,0.5,0.285329194588328,0.29748545044623,0.5,1.02437478007613
0.313231456794334,0.306007097681638,0,0.287502568517648,0.315630513148435,0.5,0.322717692132112,0.263889180620335,0,0.287502568517648,0.315630513148435,0.5,0.322717692132112,0.263889180620335,0,0.313231456794334,0.306007097681638,0.5,0.991589320905074
0.313169819775256,0.313793621073522,0.5,0.312673441874797,0.303869103366178,0.5,0.298634407974664,0.309520502920134,0.5,0.312673441874797,0.303869103366178,0,0.298634407974664,0.309520502920134,0.5,0.313169819775256,0.313793621073522,0.5,0
0.293157768456443,0.331130836534238,0,0.317538190875934,0.338297411767517,0,0.290301977705951,0.275737419549232,0,0.317538190875934,0.338297411767517,0.5,0.290301977705951,0.275737419549232,0,0.293157768456443,0.331130836534238,0.5,0.980685693671961
0.326938402569319,0.289899073118525,0,0.303313404147167,0.332179993617332,0.5,0.276614699101403,0.321011259543794,0,0.303313404147167,0.332179993617332,0,0.276614699101403,0.321011259543794,0.5,0.326938402569319,0.289899073118525,0,0.999292535728142
0.318970600309066,0.296063094534012,0.5,0.267325872390698,0.317954063177696,0,0.305303191251896,0.314954613116571,0,0.267325872390698,0.317954063177696,0.5,0.305303191251896,0.314954613116571,0,0.318970600309066,0.296063094534012,0.5,1.01994962167484
0.324475432848303,0.282587015054875,0.5,0.343948311919546,0.271985311968611,0.5,0.318445261352272,0.322017097923252,0,0.343948311919546,0.271985311968611,0.5,0.318445261352272,0.322017097923252,0.5,0.324475432848303,0.282587015054875,0,0
0.278834422702635,0.265736945683298,0.5,0.295803506854105,0.273422106874109,0.5,0.319300782183848,0.258817596949114,0.5,0.295803506854105,0.273422106874109,0,0.319300782183848,0.258817596949114,0.5,0.278834422702635,0.265736945683298,0.5,0
0.280845433642957,0.324928539103883,0.5,0.287654503446805,0.282595021588901,0,0.281030134168367,0.326101325327319,0,0.287654503446805,0.282595021588901,0,0.281030134168367,0.326101325327319,0.5,0.280845433642957,0.324928539103883,0,1.04556304861217
0.279876409074312,0.308907568966612,0.5,0.298354949697463,0.302382841039365,0,0.261130150661176,0.281462810852114,0.5,0.298354949697463,0.302382841039365,0,0.261130150661176,0.281462810852114,0.5,0.279876409074312,0.308907568966612,0.5,0
0.306997009703784,0.311470565951651,0,0.26900396447292,0.288662239895386,0,0.271717453753888,0.289785040502568,0,0.26900396447292,0.288662239895386,0,0.271717453753888,0.289785040502568,0,0.306997009703784,0.311470565951651,0,1.0411916728764
0.277620038015147,0.307603511504381,0,0.32508884926268,0.335642285438559,0.5,0.314805525036876,0.2738330369665,0,0.32508884926268,0.335642285438559,0,0.314805525036876,0.2738330369665,0.5,0.277620038015147,0.307603511504381,0.5,0
0.280089832824642,0.30926617729011,0.5,0.296259603106163,0.313029282444832,0,0.293623293244286,0.308040573844132,0,0.296259603106163,0.313029282444832,0,0.293623293244286,0.308040573844132,0,0.280089832824642,0.30926617729011,0,1.04222063532839
0.273543060177994,0.274838400299558,0,0.312902693372555,0.29571295687832,0,0.293427744636569,0.316456592815192,0,0.312902693372555,0.29571295687832,0,0.293427744636569,0.316456592815192,0.5,0.273543060177994,0.274838400299558,0.5,0
0.254952263734514,0.315057583644448,0.5,0.327998827923391,0.2795036693467,0,0.297596423306655,0.312462547305799,0.5,0.327998827923391,0.2795036693467,0.5,0.297596423306655,0.312462547305799,0,0.254952263734514,0.315057583644448,0,0
0.309768924219429,0.272669942619978,0,0.28123069135588,0.306004460766951,0,0.312036960385099,0.329172924169139,0,0.28123069135588,0.306004460766951,0,0.312036960385099,0.329172924169139,0,0.309768924219429,0.272669942619978,0,1.04655508974855
0.276734766443602,0.322139226789085,0,0.287624824935257,0.301543549406066,0,0.290066151502024,0.2881928915796,0,0.287624824935257,0.301543549406066,0.5,0.290066151502024,0.2881928915796,0,0.276734766443602,0.322139226789085,0.5,0.999276262865624
0.314716422418002,0.316886798014856,0,0.319743699013949,0.339978580797291,0.5,0.272314226344651,0.289720069186093,0.5,0.319743699013949,0.339978580797291,0,0.272314226344651,0.289720069186093,0,0.314716422418002,0.316886798014856,0,1.01131071487925
0.280862232034349,0.326536974080242,0.5,0.313556379191549,0.310966419222382,0.5,0.291246171679463,0.326257091537427,0.5,0.313556379191549,0.310966419222382,0.5,0.291246171679463,0.326257091537427,0,0.280862232034349,0.326536974080242,0,1.04629183259115
0.288702357675853,0.300109421698291,0.5,0.289044660888701,0.288188572759982,0,0.280731627433147,0.297193303619495,0,0.289044660888701,0.288188572759982,0,0.280731627433147,0.297193303619495,0,0.288702357675853,0.300109421698291,0,0
0.284870068500034,0.331490131194414,0,0.306594332812906,0.301663237099359,0.5,0.292025904950103,0.324614159050661,0.5,0.306594332812906,0.301663237099359,0.5,0.292025904950103,0.324614159050661,0.5,0.284870068500034,0.331490131194414,0,1.01724188759964
0.290575212986201,0.280197180661745,0.5,0.251718138103268,0.302022421664254,0,0.275581921317029,0.310401235857536,0,0.251718138103268,0.302022421664254,0,0.275581921317029,0.310401235857536,0,0.290575212986201,0.280197180661745,0.5,0
0.282257160500668,0.315298058345861,0.5,0.271605426883815,0.293209252385456,0.5,0.299775518997359,0.328543088272451,0,0.271605426883815,0.293209252385456,0.5,0.299775518997359,0.328543088272451,0.5,0.282257160500668,0.315298058345861,0,0
0.299115071198784,0.262434368282152,0.5,0.339783176071704,0.328445782897612,0,0.294851860872974,0.295766941860589,0.5,0.339783176071704,0.328445782897612,0.5,0.294851860872974,0.295766941860589,0,0.299115071198784,0.262434368282152,0.5,1.04600727354924
0.272847389007274,0.34265771345439,0.5,0.306128647037934,0.321392874859724,0.5,0.319090616079509,0.298393224930726,0,0.306128647037934,0.321392874859724,0,0.319090616079509,0.298393224930726,0.5,0.272847389007274,0.34265771345439,0.5,1.04958390275791
0.301673680339073,0.29374493409161,0.5,0.295094609505034,0.286447800600913,0.5,0.320019772730236,0.31740246550213,0,0.295094609505034,0.286447800600913,0.5,0.320019772730236,0.31740246550213,0.5,0.301673680339073,0.29374493409161,0,0
0.303343041789212,0.293509118478195,0.5,0.312653292859794,0.324285184593601,0.5,0.251672929274859,0.325575676789994,0.5,0.312653292859794,0.324285184593601,0.5,0.251672929274859,0.325575676789994,0,0.303343041789212,0.293509118478195,0.5,1.03304810246049
0.280031018514621,0.286948991333122,0,0.272434207932752,0.321285593039301,0.5,0.268946577482285,0.263704330707792,0,0.272434207932752,0.321285593039301,0,0.268946577482285,0.263704330707792,0.5,0.280031018514621,0.286948991333122,0,1.02168933444866
0.276471367250917,0.286510195349484,0,0.287148715026843,0.321672071438831,0.5,0.309628247853368,0.322814901352108,0.5,0.287148715026843,0.321672071438831,0.5,0.309628247853368,0.322814901352108,0,0.276471367250917,0.286510195349484,0,0
0.307964556858387,0.312762765202016,0,0.295486741870676,0.290673484949318,0.5,0.299003685823987,0.292870281388427,0,0.295486741870676,0.290673484949318,0,0.299003685823987,0.292870281388427,0.5,0.307964556858387,0.312762765202016,0.5,1.02998134346352
0.292031982142902,0.283084849685323,0.5,0.302172112478704,0.357273874301415,0,0.311360843575,0.319728620908069,0,0.302172112478704,0.357273874301415,0,0.311360843575,0.319728620908069,0,0.292031982142902,0.283084849685323,0,1.03481890583651
0.337072209049759,0.310632466578346,0.5,0.26297452406636,0.281054760835454,0.5,0.334267872140253,0.317066029887107,0,0.26297452406636,0.281054760835454,0.5,0.334267872140253,0.317066029887107,0.5,0.337072209049759,0.310632466578346,0.5,0
0.326394781682655,0.295145480692962,0.5,0.287898573493662,0.292045825599647,0,0.314833069754633,0.306631732358378,0.5,0.287898573493662,0.292045825599647,0,0.314833069754633,0.306631732358378,0.5,0.326394781682655,0.295145480692962,0.5,0
0.304261875098283,0.33424638769397,0,0.318102705885253,0.316498129561797,0.5,0.345075975422178,0.260942367383027,0.5,0.318102705885253,0.316498129561797,0,0.345075975422178,0.260942367383027,0,0.304261875098283,0.33424638769397,0,0
0.325982760014255,0.318820817824389,0.5,0.291945091918981,0.29612434115972,0,0.30400694271557,0.309189630103254,0.5,0.291945091918981,0.29612434115972,0,0.30400694271557,0.309189630103254,0.5,0.325982760014255,0.318820817824389,0,0
0.306499417574869,0.317139554563593,0,0.283603330980384,0.283302812185776,0,0.29967299877839,0.300357876958314,0.5,0.283603330980384,0.283302812185776,0.5,0.29967299877839,0.300357876958314,0,0.306499417574869,0.317139554563593,0.5,0
0.290801098757627,0.312081708265038,0,0.299751708938737,0.292686091031034,0,0.331385801388297,0.312513644455746,0,0.299751708938737,0.292686091031034,0,0.331385801388297,0.312513644455746,0.5,0.290801098757627,0.312081708265038,0,1.04244761638598
0.304670402843788,0.2916167579009,0,0.297294786095029,0.304912121612371,0.5,0.304018306497318,0.316438333336491,0,0.297294786095029,0.304912121612371,0.5,0.304018306497318,0.316438333336491,0,0.304670402843788,0.2916167579009,0.5,0.982097007096468
0.285613641480528,0.288872238209546,0,0.2960678144002,0.3155949031907,0.5,0.289480431880774,0.300835100214496,0,0.2960678144002,0.3155949031907,0,0.289480431880774,0.300835100214496,0.5,0.285613641480528,0.288872238209546,0,1.01384328283132
0.27057126435572,0.300169199591059,0.5,0.273231225821974,0.298253364857494,0,0.328335297851436,0.302190930621951,0.5,0.273231225821974,0.298253364857494,0,0.328335297851436,0.302190930621951,0.5,0.27057126435572,0.300169199591059,0,0
0.302312024757662,0.281128246396033,0,0.294082156427795,0.318440352970243,0,0.27433580441315,0.307143587150836,0,0.294082156427795,0.318440352970243,0.5,0.27433580441315,0.307143587150836,0,0.302312024757662,0.281128246396033,0.5,0.998046081103848
0.342436563300466,0.304567559474572,0,0.319599886803649,0.275793138751846,0.5,0.265040859402081,0.26709052866084,0.5,0.319599886803649,0.275793138751846,0.5,0.265040859402081,0.26709052866084,0.5,0.342436563300466,0.304567559474572,0,1.03761602262025
0.296604917778774,0.298584431825205,0.5,0.269666786557286,0.309621176740309,0.5,0.310155250319634,0.321088241034541,0.5,0.269666786557286,0.309621176740309,0,0.310155250319634,0.321088241034541,0,0.296604917778774,0.298584431825205,0,0
0.310188497390474,0.296159534324195,0.5,0.337762752679381,0.303081203406554,0.5,0.278552694984269,0.320319511866967,0,0.337762752679381,0.303081203406554,0.5,0.278552694984269,0.320319511866967,0.5,0.310188497390474,0.296159534324195,0.5,0
0.277733988035826,0.314747124922586,0.5,0.32298104160822,0.281916456565029,0,0.306814754960395,0.279395233466721,0.5,0.32298104160822,0.281916456565029,0.5,0.306814754960395,0.279395233466721,0,0.277733988035826,0.314747124922586,0.5,0
0.291176527254439,0.30381151031102,0.5,0.336521922540873,0.272972727222125,0,0.294723776661571,0.268572091462894,0.5,0.336521922540873,0.272972727222125,0.5,0.294723776661571,0.268572091462894,0,0.291176527254439,0.30381151031102,0,0
0.316972038183116,0.286911116005584,0.5,0.299708454253385,0.31396538929889,0.5,0.284910897868781,0.320062677787453,0,0.299708454253385,0.31396538929889,0,0.284910897868781,0.320062677787453,0,0.316972038183116,0.286911116005584,0.5,1.02995423993854
0.310321773132606,0.276198420679301,0,0.280439187899625,0.319133834124734,0.5,0.28613544735339,0.311295145505705,0,0.280439187899625,0.319133834124734,0.5,0.28613544735339,0.311295145505705,0.5,0.310321773132606,0.276198420679301,0,0.99613128085343
0.307723611618556,0.268893589356016,0.5,0.28752813645251,0.262616943023185,0,0.280936863100904,0.279270293383581,0,0.28752813645251,0.262616943023185,0.5,0.280936863100904,0.279270293383581,0.5,0.307723611618556,0.268893589356016,0,0
0.313260570434868,0.260321099761028,0.5,0.2832364179908,0.299419844437614,0.5,0.30230346140306,0.291968305199902,0.5,0.2832364179908,0.299419844437614,0.5,0.30230346140306,0.291968305199902,0.5,0.313260570434868,0.260321099761028,0,0
0.320932339436193,0.30534477694769,0.5,0.341113389750091,0.290686802066936,0.5,0.311692280922091,0.313210373188426,0.5,0.341113389750091,0.290686802066936,0.5,0.311692280922091,0.313210373188426,0,0.320932339436193,0.30534477694769,0.5,1.04356421827046
0.316009878514627,0.331859778247835,0.5,0.274641432984806,0.315540176403472,0,0.317103884718778,0.312602152155113,0,0.274641432984806,0.315540176403472,0,0.317103884718778,0.312602152155113,0,0.316009878514627,0.331859778247835,0,1.04670927679513
0.289295515930578,0.282841810799693,0,0.289461059908718,0.295203653658053,0,0.312619737362053,0.272779806269168,0,0.289461059908718,0.295203653658053,0,0.312619737362053,0.272779806269168,0.5,0.289295515930578,0.282841810799693,0,0
0.316660925280227,0.309513075414366,0.5,0.283265403523723,0.275510746439349,0,0.320106805001541,0.305303542117521,0,0.283265403523723,0.275510746439349,0,0.320106805001541,0.305303542117521,0.5,0.316660925280227,0.309513075414366,0.5,0
0.304078278935338,0.327566517380605,0,0.277785572369438,0.305621579714083,0,0.298204213005051,0.306857237464215,0,0.277785572369438,0.305621579714083,0.5,0.298204213005051,0.306857237464215,0,0.304078278935338,0.327566517380605,0,1.00943906886169
0.300555022877751,0.267429766941365,0.5,0.293191111889912,0.297945322108328,0.5,0.328986529353355,0.307770077979801,0.5,0.293191111889912,0.297945322108328,0.5,0.328986529353355,0.307770077979801,0,0.300555022877751,0.267429766941365,0,0
0.270644669010115,0.288916506001596,0,0.282096093851502,0.285102250004802,0,0.277741032801427,0.289011667733856,0.5,0.282096093851502,0.285102250004802,0.5,0.277741032801427,0.289011667733856,0.5,0.270644669010115,0.288916506001596,0,0
0.299832374648652,0.330585856060369,0.5,0.263782399587556,0.29434359890445,0.5,0.30096355907886,0.292780858349677,0,0.263782399587556,0.29434359890445,0,0.30096355907886,0.292780858349677,0,0.299832374648652,0.330585856060369,0.5,0
0.310991424078534,0.273697286311983,0.5,0.297385707731694,0.315599187471043,0.5,0.302979102427004,0.303454579653981,0.5,0.297385707731694,0.315599187471043,0,0.302979102427004,0.303454579653981,0,0.310991424078534,0.273697286311983,0.5,0
0.249225151655123,0.258193776609672,0,0.311271824640832,0.288158715398257,0,0.298890010705371,0.283849476118843,0.5,0.311271824640832,0.288158715398257,0.5,0.298890010705371,0.283849476118843,0.5,0.249225151655123,0.258193776609672,0.5,0
0.347781644528681,0.304968565637233,0,0.275307058768263,0.277297409374379,0.5,0.298597204844421,0.295809698676438,0.5,0.275307058768263,0.277297409374379,0.5,0.298597204844421,0.295809698676438,0,0.347781644528681,0.304968565637233,0.5,1.038758131323
0.310266233731725,0.264788098806499,0.5,0.308386720382685,0.273575683391022,0.5,0.291470653997224,0.290540633104641,0.5,0.308386720382685,0.273575683391022,0.5,0.291470653997224,0.290540633104641,0.5,0.310266233731725,0.264788098806499,0.5,0
0.246689101294264,0.327831823543161,0.5,0.316279878315926,0.314987660190162,0,0.313852125991941,0.327167548744538,0,0.316279878315926,0.314987660190162,0.5,0.313852125991941,0.327167548744538,0,0.246689101294264,0.327831823543161,0,1.00869885961878
0.294571563716021,0.289654273606608,0,0.313541898113482,0.315608075658026,0,0.291619283758824,0.311612601974797,0.5,0.313541898113482,0.315608075658026,0.5,0.291619283758824,0.311612601974797,0,0.294571563716021,0.289654273606608,0.5,1.03334970321872
0.338577900563156,0.29862176048532,0.5,0.284815601769034,0.286993243673935,0.5,0.3124911991999,0.279277567221248,0.5,0.284815601769034,0.286993243673935,0.5,0.3124911991999,0.279277567221248,0.5,0.338577900563156,0.29862176048532,0,0
0.279395326976689,0.309843849815145,0,0.287326819859136,0.282480355553535,0,0.295590828012587,0.277918778591286,0,0.287326819859136,0.282480355553535,0.5,0.295590828012587,0.277918778591286,0.5,0.279395326976689,0.309843849815145,0.5,1.03582429210964
0.304020442768857,0.321024740606001,0,0.29522194982131,0.295131438505836,0,0.301470028320543,0.304929472189563,0.5,0.29522194982131,0.295131438505836,0.5,0.301470028320543,0.304929472189563,0,0.304020442768857,0.321024740606001,0.5,1.04054065495618
0.3034365141592,0.290459377952221,0,0.317727387902255,0.310367754368154,0.5,0.306252730826222,0.324826582863127,0.5,0.317727387902255,0.310367754368154,0,0.306252730826222,0.324826582863127,0.5,0.3034365141592,0.290459377952221,0,1.02913926346666
0.287049278946357,0.271988068614402,0.5,0.288542346686991,0.330149329530895,0,0.295047711077784,0.27651640949734,0,0.288542346686991,0.330149329530895,0.5,0.295047711077784,0.27651640949734,0,0.287049278946357,0.271988068614402,0,0
0.309133074544652,0.289488775515398,0,0.302091426729556,0.276289253007779,0,0.288130913267163,0.319425774406429,0,0.302091426729556,0.276289253007779,0,0.288130913267163,0.319425774406429,0.5,0.309133074544652,0.289488775515398,0.5,0
0.32863066710349,0.313216720776368,0,0.301140851826631,0.333838546440582,0,0.286712978750169,0.316924023021595,0,0.301140851826631,0.333838546440582,0,0.286712978750169,0.316924023021595,0.5,0.32863066710349,0.313216720776368,0,1.01717253070138
0.286495615174691,0.280507466808674,0,0.29835498918037,0.279036519321354,0,0.281883143572446,0.327042491892701,0.5,0.29835498918037,0.279036519321354,0.5,0.281883143572446,0.327042491892701,0,0.286495615174691,0.280507466808674,0,0
0.315282748156175,0.311783337187156,0,0.260186506022147,0.279258450631527,0,0.283405898081877,0.312069820275577,0.5,0.260186506022147,0.279258450631527,0,0.283405898081877,0.312069820275577,0,0.315282748156175,0.311783337187156,0,0
0.263401797518287,0.314270132838116,0,0.32233143404032,0.292896762562318,0,0.331701677366236,0.269988798110633,0,0.32233143404032,0.292896762562318,0.5,0.331701677366236,0.269988798110633,0.5,0.263401797518287,0.314270132838116,0,1.0195604898572
0.277262729554879,0.303770493961531,0.5,0.301856331081805,0.299700464118845,0.5,0.296755606342705,0.359530231171377,0.5,0.301856331081805,0.299700464118845,0.5,0.296755606342705,0.359530231171377,0,0.277262729554879,0.303770493961531,0.5,0
0.270923893052433,0.288172132285832,0,0.305540626584612,0.285879060003932,0.5,0.290528340934775,0.316023694081251,0,0.305540626584612,0.285879060003932,0.5,0.290528340934775,0.316023694081251,0,0.270923893052433,0.288172132285832,0,0.995043676589094
0.292720977818807,0.314642572086458,0,0.292808401461168,0.298665877434338,0.5,0.306350491847522,0.288404654924981,0.5,0.292808401461168,0.298665877434338,0,0.306350491847522,0.288404654924981,0,0.292720977818807,0.314642572086458,0,0
0.279630190043111,0.288489998642283,0.5,0.313418396121098,0.309932841343153,0,0.31659997854293,0.301237849019889,0,0.313418396121098,0.309932841343153,0,0.31659997854293,0.301237849019889,0,0.279630190043111,0.288489998642283,0,0
0.275274400562973,0.280812735183663,0.5,0.2645559362137,0.262397813597965,0,0.306301669904365,0.312675859834061,0.5,0.2645559362137,0.262397813597965,0.5,0.306301669904365,0.312675859834061,0.5,0.275274400562973,0.280812735183663,0,0
0.26629865921114,0.30335486707607,0.5,0.281101024214163,0.302017424853222,0,0.310073112634082,0.305707298325927,0.5,0.281101024214163,0.302017424853222,0.5,0.310073112634082,0.305707298325927,0.5,0.26629865921114,0.30335486707607,0.5,0
0.28915659842859,0.277003739528794,0,0.282036689533487,0.272690834760007,0.5,0.309308331973862,0.333071997467763,0,0.282036689533487,0.272690834760007,0.5,0.309308331973862,0.333071997467763,0,0.28915659842859,0.277003739528794,0,1.01058087902213
0.316103050151067,0.304066840022171,0,0.290312296100315,0.284071599426242,0.5,0.308244103198768,0.300981802691598,0.5,0.290312296100315,0.284071599426242,0.5,0.308244103198768,0.300981802691598,0,0.316103050151067,0.304066840022171,0.5,1.0317211442995
0.286119922535627,0.314004209943191,0.5,0.313777823062069,0.288500580005086,0,0.343045843537133,0.312233399046633,0,0.313777823062069,0.288500580005086,0.5,0.343045843537133,0.312233399046633,0.5,0.286119922535627,0.314004209943191,0,1.03324944632119
0.314521791019574,0.27719582742475,0,0.280459674093498,0.301983790279709,0,0.324160258353364,0.317925584426255,0,0.280459674093498,0.301983790279709,0.5,0.324160258353364,0.317925584426255,0.5,0.314521791019574,0.27719582742475,0.5,0
0.293175575530928,0.315898614442224,0.5,0.334859019410377,0.334652600833504,0.5,0.317943288240248,0.279429509824469,0,0.334859019410377,0.334652600833504,0,0.317943288240248,0.279429509824469,0.5,0.293175575530928,0.315898614442224,0.5,1.04505472320959
0.304059196755109,0.328270375618619,0,0.2905305357618,0.290939612149885,0.5,0.293127696414817,0.338849321617544,0.5,0.2905305357618,0.290939612149885,0,0.293127696414817,0.338849321617544,0.5,0.304059196755109,0.328270375618619,0.5,1.038858610952
0.287615885820811,0.323701258164197,0,0.295895798254341,0.313180486266375,0.5,0.30110851626025,0.296572635930969,0,0.295895798254341,0.313180486266375,0,0.30110851626025,0.296572635930969,0,0.287615885820811,0.323701258164197,0.5,0.997139801122912
0.29189473097695,0.305154998655756,0.5,0.300744272412645,0.315951014519345,0.5,0.290758915518676,0.299854425986318,0,0.300744272412645,0.315951014519345,0,0.290758915518676,0.299854425986318,0.5,0.29189473097695,0.305154998655756,0,1.04295534467574
0.270943345955745,0.285620257236754,0.5,0.285584712564657,0.306760264654839,0.5,0.326098460109405,0.285077802017921,0.5,0.285584712564657,0.306760264654839,0.5,0.326098460109405,0.285077802017921,0,0.270943345955745,0.285620257236754,0,0
0.332519902248611,0.323675242361853,0.5,0.303641997960549,0.308061024279259,0.5,0.342547974615076,0.305916610036391,0.5,0.303641997960549,0.308061024279259,0,0.342547974615076,0.305916610036391,0,0.332519902248611,0.323675242361853,0,0
0.289873201959229,0.290596789959524,0,0.294976362122231,0.333009381411201,0,0.313986306433939,0.289500438798728,0.5,0.294976362122231,0.333009381411201,0.5,0.313986306433939,0.289500438798728,0.5,0.289873201959229,0.290596789959524,0,0
0.264806195860761,0.282705555839905,0.5,0.282122821759002,0.31101874431478,0,0.306620121731691,0.299941977930193,0,0.282122821759002,0.31101874431478,0,0.306620121731691,0.299941977930193,0.5,0.264806195860761,0.282705555839905,0,0
0.27781028963812,0.298126802504425,0,0.29707974268558,0.299311381282635,0,0.307131034501702,0.331891191042178,0,0.29707974268558,0.299311381282635,0,0.307131034501702,0.331891191042178,0.5,0.27781028963812,0.298126802504425,0.5,1.04612733180788
0.299463581968706,0.270943868246664,0.5,0.283673077615568,0.264464226099981,0.5,0.298434644200547,0.300850237873359,0,0.283673077615568,0.264464226099981,0.5,0.298434644200547,0.300850237873359,0.5,0.299463581968706,0.270943868246664,0,0
0.325844395887313,0.293351616740277,0,0.281698372689089,0.285929960397784,0.5,0.326132812994143,0.289148123990652,0,0.281698372689089,0.285929960397784,0,0.326132812994143,0.289148123990652,0,0.325844395887313,0.293351616740277,0,1.04103051904234
0.309913466745462,0.309491671149207,0.5,0.312383634052113,0.302003119011055,0,0.348086533074208,0.277647890491023,0,0.312383634052113,0.302003119011055,0.5,0.348086533074208,0.277647890491023,0.5,0.309913466745462,0.309491671149207,0.5,0
0.29988873055883,0.293038705942434,0,0.310648424179666,0.319266633672535,0,0.280606931236351,0.326383614422189,0.5,0.310648424179666,0.319266633672535,0.5,0.280606931236351,0.326383614422189,0.5,0.29988873055883,0.293038705942434,0,1.03990781415543
0.264885614371652,0.29801908031906,0,0.284013960879545,0.325299280674695,0,0.318614838998474,0.307567061033484,0,0.284013960879545,0.325299280674695,0,0.318614838998474,0.307567061033484,0,0.264885614371652,0.29801908031906,0.5,1.02227899903036
0.305211086794935,0.307957312770394,0,0.270784047251515,0.294771623083591,0.5,0.313267485280702,0.296862671148867,0.5,0.270784047251515,0.294771623083591,0,0.313267485280702,0.296862671148867,0.5,0.305211086794935,0.307957312770394,0.5,0
0.335768399007373,0.297362705809534,0,0.298982712776565,0.317965692209799,0,0.286637801249595,0.290957255548314,0.5,0.298982712776565,0.317965692209799,0,0.286637801249595,0.290957255548314,0.5,0.335768399007373,0.297362705809534,0.5,0
0.309888963807042,0.291209865519828,0,0.315785960715189,0.310119539698322,0,0.295256882156675,0.282725590738832,0,0.315785960715189,0.310119539698322,0,0.295256882156675,0.282725590738832,0.5,0.309888963807042,0.291209865519828,0.5,1.04732260686126
0.328267578140549,0.29843207233329,0.5,0.267290222773502,0.300114110972809,0.5,0.29137245075462,0.279011471047994,0.5,0.267290222773502,0.300114110972809,0,0.29137245075462,0.279011471047994,0,0.328267578140549,0.29843207233329,0.5,0
0.297390693306741,0.294644440951712,0,0.312923313317927,0.288598563527156,0.5,0.307990894745459,0.324811545272013,0,0.312923313317927,0.288598563527156,0,0.307990894745459,0.324811545272013,0,0.297390693306741,0.294644440951712,0,1.01742270920632
0.302524026613546,0.28840317861154,0,0.27521515673422,0.315608848105251,0,0.278945662371795,0.301614691098971,0.5,0.27521515673422,0.315608848105251,0,0.278945662371795,0.301614691098971,0,0.302524026613546,0.28840317861154,0,0
0.284522539824324,0.286762895145801,0.5,0.299330174454604,0.309271298698979,0,0.302836729901411,0.333344482685872,0,0.299330174454604,0.309271298698979,0,0.302836729901411,0.333344482685872,0,0.284522539824324,0.286762895145801,0,1.04681145724519
0.305807772003518,0.27979987045529,0.5,0.312038956339568,0.300124346104061,0.5,0.290664536749168,0.294537939505227,0,0.312038956339568,0.300124346104061,0.5,0.290664536749168,0.294537939505227,0,0.305807772003518,0.27979987045529,0.5,1.0176372122249
0.31670492145893,0.291729665776389,0.5,0.283790894575396,0.305722258455332,0.5,0.28733183512568,0.289924432621428,0,0.283790894575396,0.305722258455332,0.5,0.28733183512568,0.289924432621428,0,0.31670492145893,0.291729665776389,0,0
0.317107061447723,0.330238820949752,0.5,0.282930794315614,0.284152624269052,0.5,0.323865339322949,0.336414347030193,0,0.282930794315614,0.284152624269052,0,0.323865339322949,0.336414347030193,0.5,0.317107061447723,0.330238820949752,0.5,0
0.300985653834128,0.326694235606886,0.5,0.291045080695869,0.318412056858499,0.5,0.311721722453194,0.313138283361517,0,0.291045080695869,0.318412056858499,0,0.311721722453194,0.313138283361517,0,0.300985653834128,0.326694235606886,0,1.04173746617668
0.31479849021597,0.301655581708906,0.5,0.328216191736247,0.297127115322697,0,0.263065588308293,0.294332165509236,0,0.328216191736247,0.297127115322697,0.5,0.263065588308293,0.294332165509236,0,0.31479849021597,0.301655581708906,0,0
0.312573057189672,0.292731318099416,0,0.284523508523553,0.284673196887733,0,0.266471808316852,0.293177382404076,0.5,0.284523508523553,0.284673196887733,0.5,0.266471808316852,0.293177382404076,0,0.312573057189672,0.292731318099416,0,0
0.360948492666724,0.314023628162426,0.5,0.3018667991335,0.277911339457214,0,0.312496520477239,0.315809871528404,0.5,0.3018667991335,0.277911339457214,0.5,0.312496520477239,0.315809871528404,0,0.360948492666724,0.314023628162426,0,0
0.358829847927894,0.317505656925347,0,0.302569242742351,0.316514487654975,0.5,0.292279927910687,0.3218709270307,0,0.302569242742351,0.316514487654975,0.5,0.292279927910687,0.3218709270307,0.5,0.358829847927894,0.317505656925347,0.5,0.988024889601752
0.293101717341011,0.295697729590554,0,0.27500407380665,0.292758933585151,0.5,0.280226290583077,0.291377186689392,0.5,0.27500407380665,0.292758933585151,0.5,0.280226290583077,0.291377186689392,0,0.293101717341011,0.295697729590554,0.5,1.03300597978027
0.298844788165287,0.315439208369538,0,0.289592981067894,0.292428907641051,0,0.281047245492773,0.260360269173892,0,0.289592981067894,0.292428907641051,0.5,0.281047245492773,0.260360269173892,0.5,0.298844788165287,0.315439208369538,0,1.02080130674401
0.310547371478489,0.295752927302032,0,0.304220206067029,0.27270333141519,0.5,0.285967175782068,0.305308902135473,0,0.304220206067029,0.27270333141519,0,0.285967175782068,0.305308902135473,0,0.310547371478489,0.295752927302032,0.5,1.01159748510879
0.302924329904938,0.311288335875357,0,0.292145250073314,0.298311826615729,0,0.301900763694257,0.300723225453917,0,0.292145250073314,0.298311826615729,0.5,0.301900763694257,0.300723225453917,0.5,0.302924329904938,0.311288335875357,0,1.01534905709286
0.29615880247451,0.314341887884419,0.5,0.312115325221501,0.315371646049776,0,0.315262544604138,0.291929909183698,0,0.312115325221501,0.315371646049776,0,0.315262544604138,0.291929909183698,0.5,0.29615880247451,0.314341887884419,0.5,0
0.307823694478865,0.289502494948047,0.5,0.267595204058176,0.302627073883892,0.5,0.297581680570379,0.263649892189288,0,0.267595204058176,0.302627073883892,0,0.297581680570379,0.263649892189288,0.5,0.307823694478865,0.289502494948047,0,0
0.316433113410715,0.318021123885707,0.5,0.309514507873769,0.332785173519114,0.5,0.282505022029253,0.299118792150396,0.5,0.309514507873769,0.332785173519114,0.5,0.282505022029253,0.299118792150396,0.5,0.316433113410715,0.318021123885707,0,1.04604752692192
0.315461957315307,0.295099709295952,0.5,0.310560176592973,0.302566875443682,0.5,0.29784112401767,0.272887472962209,0.5,0.310560176592973,0.302566875443682,0,0.29784112401767,0.272887472962209,0.5,0.315461957315307,0.295099709295952,0,0
0.305875301917404,0.282758336411369,0.5,0.325180166233042,0.301209613121202,0,0.303747042736343,0.29645797930166,0,0.325180166233042,0.301209613121202,0,0.303747042736343,0.29645797930166,0,0.305875301917404,0.282758336411369,0,0
0.344391098123788,0.336295592383967,0,0.300469087125458,0.287933882539784,0.5,0.286705603079279,0.303897701330039,0,0.300469087125458,0.287933882539784,0,0.286705603079279,0.303897701330039,0.5,0.344391098123788,0.336295592383967,0.5,1.01773994667951
0.273258794629557,0.280819393286775,0,0.305156841764225,0.306957320643803,0.5,0.258093716809186,0.2942893732876,0,0.305156841764225,0.306957320643803,0,0.258093716809186,0.2942893732876,0.5,0.273258794629557,0.280819393286775,0.5,1.02423917635642
0.300024051027141,0.308043604494706,0.5,0.276460306991984,0.326406304737581,0.5,0.295389922529106,0.314801490859971,0,0.276460306991984,0.326406304737581,0.5,0.295389922529106,0.314801490859971,0.5,0.300024051027141,0.308043604494706,0,0
0.293398231373334,0.327540915534203,0.5,0.330450127340426,0.26959353590416,0.5,0.305934539056307,0.320434779429994,0.5,0.330450127340426,0.26959353590416,0,0.305934539056307,0.320434779429994,0,0.293398231373334,0.327540915534203,0,0
0.300159090383957,0.294338540092283,0.5,0.312679010371214,0.309004227807766,0.5,0.314729898843379,0.312719071083806,0,0.312679010371214,0.309004227807766,0,0.314729898843379,0.312719071083806,0,0.300159090383957,0.294338540092283,0.5,1.03584849086819
0.278205457515711,0.320023682743794,0.5,0.334012881982947,0.288266570617446,0,0.308186716410403,0.272893116728498,0,0.334012881982947,0.288266570617446,0,0.308186716410403,0.272893116728498,0.5,0.278205457515711,0.320023682743794,0,0
0.302583450058578,0.282209912274447,0,0.316241364388081,0.309002575290192,0,0.302637066928498,0.280076635116482,0.5,0.316241364388081,0.309002575290192,0.5,0.302637066928498,0.280076635116482,0.5,0.302583450058578,0.282209912274447,0.5,0
0.279597040356662,0.317570527379444,0.5,0.327352718018353,0.273403030091232,0,0.30044044327208,0.300544197627709,0,0.327352718018353,0.273403030091232,0.5,0.30044044327208,0.300544197627709,0,0.279597040356662,0.317570527379444,0.5,1.01656946903436
0.298958674598486,0.29379409819851,0,0.329369293311659,0.310404806487027,0.5,0.324822733077918,0.301813379779381,0.5,0.329369293311659,0.310404806487027,0.5,0.324822733077918,0.301813379779381,0,0.298958674598486,0.29379409819851,0.5,1.01594237135419
0.27670876538178,0.340825625476234,0,0.291729986873935,0.308065138856402,0.5,0.279131081896287,0.266857510187154,0,0.291729986873935,0.308065138856402,0,0.279131081896287,0.266857510187154,0.5,0.27670876538178,0.340825625476234,0.5,1.01982035074504
0.278403280677723,0.296630121848337,0,0.266008019942925,0.280321042549202,0.5,0.351376983701024,0.319786946915712,0.5,0.266008019942925,0.280321042549202,0.5,0.351376983701024,0.319786946915712,0.5,0.278403280677723,0.296630121848337,0,0
0.271324563967534,0.303539413641577,0,0.281034522084524,0.292780564548411,0.5,0.281055148720794,0.281634762957115,0.5,0.281034522084524,0.292780564548411,0,0.281055148720794,0.281634762957115,0,0.271324563967534,0.303539413641577,0,0
0.299435673099666,0.308936737410908,0,0.291321397032947,0.333428193480488,0,0.317681959363941,0.308740332816703,0,0.291321397032947,0.333428193480488,0.5,0.317681959363941,0.308740332816703,0.5,0.299435673099666,0.308936737410908,0,1.00540254663288
0.280735530025598,0.285134281818176,0,0.299427388608652,0.297944339200847,0,0.298053182119091,0.27925542014033,0.5,0.299427388608652,0.297944339200847,0,0.298053182119091,0.27925542014033,0.5,0.280735530025598,0.285134281818176,0.5,0
0.29026103731527,0.319392593098577,0,0.292572770732656,0.286283098717234,0.5,0.311571835896416,0.310943492447242,0.5,0.292572770732656,0.286283098717234,0.5,0.311571835896416,0.310943492447242,0.5,0.29026103731527,0.319392593098577,0.5,0
0.267890087291124,0.310207709722133,0,0.291205204787465,0.291106627039727,0.5,0.305078147670264,0.280067164900904,0,0.291205204787465,0.291106627039727,0.5,0.305078147670264,0.280067164900904,0,0.267890087291124,0.310207709722133,0.5,0.99057044771882
0.282113872954401,0.317843130410456,0,0.331554813910264,0.302133230809192,0.5,0.316234324833137,0.301669239732802,0,0.331554813910264,0.302133230809192,0.5,0.316234324833137,0.301669239732802,0,0.282113872954401,0.317843130410456,0.5,0.972890584904417
0.310710369669726,0.322916266873353,0.5,0.337254440138747,0.280319390699325,0,0.301011469465349,0.329495069773053,0,0.337254440138747,0.280319390699325,0,0.301011469465349,0.329495069773053,0,0.310710369669726,0.322916266873353,0.5,1.02895620040841
0.287188427084991,0.333721155307138,0,0.245825350270079,0.319391562098011,0,0.337039930658718,0.314631839852205,0,0.245825350270079,0.319391562098011,0.5,0.337039930658718,0.314631839852205,0,0.287188427084991,0.333721155307138,0,1.01663310502424
0.312437180017763,0.286449201277178,0.5,0.31895841871471,0.322795286478818,0,0.315020956634275,0.303318189721157,0,0.31895841871471,0.322795286478818,0.5,0.315020956634275,0.303318189721157,0,0.312437180017763,0.286449201277178,0,0
0.316299575635562,0.299350723803491,0,0.317196788374151,0.313722965114561,0.5,0.346595573408385,0.292178365548727,0.5,0.317196788374151,0.313722965114561,0,0.346595573408385,0.292178365548727,0.5,0.316299575635562,0.299350723803491,0,0
0.275339327831245,0.286084030717102,0,0.311082913783711,0.30707465259292,0,0.276189637979703,0.297407586636681,0.5,0.311082913783711,0.30707465259292,0,0.276189637979703,0.297407586636681,0.5,0.275339327831245,0.286084030717102,0,0
0.329809390716586,0.300101263556973,0.5,0.336519085665273,0.318712046738998,0.5,0.265981657413462,0.320547081365483,0,0.336519085665273,0.318712046738998,0,0.265981657413462,0.320547081365483,0,0.329809390716586,0.300101263556973,0.5,1.01025727370464
0.296781769967293,0.29726082398435,0.5,0.285857999806509,0.287596186623519,0,0.253763343388866,0.302268971889895,0,0.285857999806509,0.287596186623519,0,0.253763343388866,0.302268971889895,0,0.296781769967293,0.29726082398435,0,1.0492072190581
0.296955455802276,0.316333529903672,0.5,0.321370195412724,0.330230603476166,0,0.307331600848632,0.279402083118537,0.5,0.321370195412724,0.330230603476166,0.5,0.307331600848632,0.279402083118537,0,0.296955455802276,0.316333529903672,0.5,1.04061524209382
0.313700488557412,0.300519620149939,0,0.266478748118425,0.291592249038339,0,0.296038411700284,0.298378532569559,0.5,0.266478748118425,0.291592249038339,0,0.296038411700284,0.298378532569559,0.5,0.313700488557412,0.300519620149939,0,0
0.299701934612126,0.318964658900827,0,0.290555530184065,0.293091926530762,0.5,0.287975272879546,0.320977754480937,0,0.290555530184065,0.293091926530762,0,0.287975272879546,0.320977754480937,0,0.299701934612126,0.318964658900827,0.5,0.998386235208164
0.294339944821831,0.287416587580863,0,0.317415956775306,0.312095450586918,0.5,0.294697760326268,0.336217948709384,0.5,0.317415956775306,0.312095450586918,0.5,0.294697760326268,0.336217948709384,0,0.294339944821831,0.287416587580863,0.5,1.00928387653588
0.290491752272915,0.321155465186004,0.5,0.297101392386331,0.280824970946934,0.5,0.272393817556215,0.337321705570345,0.5,0.297101392386331,0.280824970946934,0,0.272393817556215,0.337321705570345,0,0.290491752272915,0.321155465186004,0.5,0
0.291892751620685,0.325553920218767,0.5,0.323414001302201,0.295776729130599,0,0.305318716922624,0.341505866314686,0,0.323414001302201,0.295776729130599,0,0.305318716922624,0.341505866314686,0.5,0.291892751620685,0.325553920218767,0,1.0345609645681
0.284428507336865,0.274636201127384,0,0.286436956285714,0.302999051610518,0.5,0.293216898273487,0.30919563095216,0.5,0.286436956285714,0.302999051610518,0,0.293216898273487,0.30919563095216,0.5,0.284428507336865,0.274636201127384,0.5,0
0.306180022658106,0.298226624793919,0.5,0.30304145942165,0.287317203042557,0,0.312830165872504,0.314663765535819,0.5,0.30304145942165,0.287317203042557,0,0.312830165872504,0.314663765535819,0,0.306180022658106,0.298226624793919,0.5,0
0.302538311912645,0.266536778725748,0,0.334995205941711,0.313115118823399,0.5,0.294351462842894,0.322180381892239,0,0.334995205941711,0.313115118823399,0,0.294351462842894,0.322180381892239,0,0.302538311912645,0.266536778725748,0.5,0.996770126151245
0.330295316427008,0.275760946131895,0,0.335175277750553,0.307130274186046,0.5,0.315168553123255,0.286002090318542,0,0.335175277750553,0.307130274186046,0,0.315168553123255,0.286002090318542,0,0.330295316427008,0.275760946131895,0.5,1.01019022437296
0.300937673854253,0.30535739797988,0.5,0.317540983436683,0.318485820652192,0,0.302976813166168,0.260677735194738,0.5,0.317540983436683,0.318485820652192,0.5,0.302976813166168,0.260677735194738,0,0.300937673854253,0.30535739797988,0,0
0.29099904277115,0.268102825528856,0,0.302638663569478,0.309889175623622,0,0.282603779736247,0.30615842806048,0.5,0.302638663569478,0.309889175623622,0.5,0.282603779736247,0.30615842806048,0.5,0.29099904277115,0.268102825528856,0,0
0.271256121259311,0.302545072080183,0,0.302243944382914,0.289447219386033,0,0.302643415480864,0.309476855032471,0,0.302243944382914,0.289447219386033,0.5,0.302643415480864,0.309476855032471,0.5,0.271256121259311,0.302545072080183,0.5,1.02775447969729
0.294747667256622,0.328388642995181,0,0.357721337479406,0.316129387917153,0.5,0.312182012374719,0.338896953211074,0.5,0.357721337479406,0.316129387917153,0,0.312182012374719,0.338896953211074,0,0.294747667256622,0.328388642995181,0,1.00547910168243
0.295109017317708,0.293730993523226,0.5,0.301091725010839,0.311231273631236,0.5,0.30765907295971,0.28478954088858,0,0.301091725010839,0.311231273631236,0,0.30765907295971,0.28478954088858,0.5,0.295109017317708,0.293730993523226,0.5,0
0.318929200129011,0.309048140867318,0,0.272693744377263,0.294180694331535,0.5,0.290679019689773,0.301247608087806,0.5,0.272693744377263,0.294180694331535,0,0.290679019689773,0.301247608087806,0.5,0.318929200129011,0.309048140867318,0.5,0
0.304511457175922,0.31264624623728,0.5,0.305083335858634,0.291086014943722,0.5,0.275233268125561,0.297756144890889,0,0.305083335858634,0.291086014943722,0,0.275233268125561,0.297756144890889,0,0.304511457175922,0.31264624623728,0,1.0444378823422
0.290410954665898,0.243559984380099,0.5,0.2835045584362,0.324683613022415,0.5,0.276254116119869,0.304863971730063,0.5,0.2835045584362,0.324683613022415,0.5,0.276254116119869,0.304863971730063,0,0.290410954665898,0.243559984380099,0.5,0
0.299994841230623,0.319083720598112,0,0.304565044215504,0.311551269357373,0.5,0.289720830047702,0.301528573733567,0.5,0.304565044215504,0.311551269357373,0,0.289720830047702,0.301528573733567,0,0.299994841230623,0.319083720598112,0,1.02529596175286
0.300324328869267,0.2970838396334,0,0.315561147325394,0.314087763047869,0,0.334050034062981,0.280801250678809,0,0.315561147325394,0.314087763047869,0,0.334050034062981,0.280801250678809,0.5,0.300324328869267,0.2970838396334,0,1.04461958255597
0.278577197166345,0.285274027334757,0.5,0.258907031449861,0.286898470389056,0,0.283710389916768,0.302054501778646,0.5,0.258907031449861,0.286898470389056,0,0.283710389916768,0.302054501778646,0.5,0.278577197166345,0.285274027334757,0,0
0.291778362154148,0.321209196732914,0,0.275885444747528,0.280646140957751,0,0.311863089503688,0.317775454429386,0.5,0.275885444747528,0.280646140957751,0,0.311863089503688,0.317775454429386,0,0.291778362154148,0.321209196732914,0.5,0
0.349697666374887,0.264156283902657,0.5,0.288586631625008,0.283063457063429,0,0.315834596682625,0.290992678657773,0.5,0.288586631625008,0.283063457063429,0.5,0.315834596682625,0.290992678657773,0,0.349697666374887,0.264156283902657,0,0
0.316349433107102,0.306140847429645,0.5,0.296692665070723,0.28916162012228,0,0.29434033561473,0.348120736944458,0,0.296692665070723,0.28916162012228,0,0.29434033561473,0.348120736944458,0.5,0.316349433107102,0.306140847429645,0,1.04497057116752
0.290877332066776,0.309677704441788,0,0.302078368349598,0.294972059302422,0.5,0.289956893844767,0.26734946502022,0,0.302078368349598,0.294972059302422,0,0.289956893844767,0.26734946502022,0,0.290877332066776,0.309677704441788,0.5,1.00944641740467
0.323264460452403,0.304338361290333,0,0.283789591857092,0.314895980453438,0,0.298122531967573,0.335200175682829,0.5,0.283789591857092,0.314895980453438,0,0.298122531967573,0.335200175682829,0,0.323264460452403,0.304338361290333,0,0
0.294953683967571,0.302637388267516,0,0.292992458754541,0.281003855702353,0.5,0.319152999440607,0.308997466070338,0.5,0.292992458754541,0.281003855702353,0,0.319152999440607,0.308997466070338,0,0.294953683967571,0.302637388267516,0.5,1.03676739002185
0.284416260472665,0.308099829379034,0,0.261663781360777,0.287476677508412,0.5,0.30422682249856,0.278598959397499,0,0.261663781360777,0.287476677508412,0,0.30422682249856,0.278598959397499,0.5,0.284416260472665,0.308099829379034,0.5,1.04545326950931
0.276980126830407,0.343405630173139,0.5,0.272042848662798,0.290135014377831,0.5,0.278019729790294,0.317665332173973,0,0.272042848662798,0.290135014377831,0.5,0.278019729790294,0.317665332173973,0,0.276980126830407,0.343405630173139,0,1.02202296808197
0.3139353223066,0.350863461066284,0,0.296472278481745,0.2742122770992,0,0.303815528264139,0.299282540635393,0.5,0.296472278481745,0.2742122770992,0,0.303815528264139,0.299282540635393,0.5,0.3139353223066,0.350863461066284,0.5,0
0.284934716742616,0.361690260329149,0.5,0.266812559328494,0.2711351068995,0.5,0.304014419853626,0.299922702228116,0.5,0.266812559328494,0.2711351068995,0,0.304014419853626,0.299922702228116,0.5,0.284934716742616,0.361690260329149,0,0
0.305355843774513,0.297505885616056,0,0.310699237854884,0.289201377561782,0,0.291109088896729,0.319614093091054,0.5,0.310699237854884,0.289201377561782,0.5,0.291109088896729,0.319614093091054,0.5,0.305355843774513,0.297505885616056,0,0
0.279024621246682,0.282554676502035,0.5,0.273305831148807,0.289519424400919,0.5,0.274658612569153,0.325002554031764,0.5,0.273305831148807,0.289519424400919,0,0.274658612569153,0.325002554031764,0,0.279024621246682,0.282554676502035,0,0
0.282082798003862,0.305606355651342,0,0.277537172871297,0.295843862724348,0.5,0.290409331594937,0.285065793725613,0,0.277537172871297,0.295843862724348,0.5,0.290409331594937,0.285065793725613,0.5,0.282082798003862,0.305606355651342,0.5,1.01317081885036
0.313462071879768,0.327221468692388,0,0.256331578770363,0.306010757976674,0,0.293507463349207,0.310682770923258,0,0.256331578770363,0.306010757976674,0.5,0.293507463349207,0.310682770923258,0.5,0.313462071879768,0.327221468692388,0.5,1.02375283136787
0.304205480934265,0.309003917187241,0,0.252851166465898,0.323655546477849,0.5,0.319020374209041,0.278424879753167,0.5,0.252851166465898,0.323655546477849,0.5,0.319020374209041,0.278424879753167,0,0.304205480934265,0.309003917187241,0,0
0.323368519699178,0.340690559130774,0,0.327985207880056,0.296215192754514,0,0.297285219730564,0.284843320777033,0,0.327985207880056,0.296215192754514,0.5,0.297285219730564,0.284843320777033,0,0.323368519699178,0.340690559130774,0,1.00421430666578
0.303715859073206,0.303400151863118,0.5,0.302522961583478,0.288619057976879,0.5,0.304295029898895,0.288863240444058,0,0.302522961583478,0.288619057976879,0,0.304295029898895,0.288863240444058,0.5,0.303715859073206,0.303400151863118,0.5,0
0.314494272582088,0.276360067334,0,0.276155961509002,0.325923017933459,0,0.306407853833113,0.274448685705062,0,0.276155961509002,0.325923017933459,0,0.306407853833113,0.274448685705062,0.5,0.314494272582088,0.276360067334,0.5,0
0.32862829788328,0.252458888464267,0.5,0.308315174876365,0.291653297515628,0,0.33272848509682,0.311322423096598,0.5,0.308315174876365,0.291653297515628,0,0.33272848509682,0.311322423096598,0,0.32862829788328,0.252458888464267,0,0
0.308363130130376,0.27583154006207,0,0.286221437483519,0.272394683274581,0,0.306771979288235,0.326591346705964,0,0.286221437483519,0.272394683274581,0.5,0.306771979288235,0.326591346705964,0,0.308363130130376,0.27583154006207,0.5,1.02055626483049
0.29415383402657,0.326904480684036,0,0.28202448026183,0.286412525148569,0.5,0.281191139463757,0.325908056166164,0.5,0.28202448026183,0.286412525148569,0.5,0.281191139463757,0.325908056166164,0,0.29415383402657,0.326904480684036,0.5,1.0188929834054
0.327609237362459,0.34013018956293,0,0.316256929719079,0.298337027730455,0.5,0.286921166951172,0.292830208052317,0,0.316256929719079,0.298337027730455,0.5,0.286921166951172,0.292830208052317,0.5,0.327609237362459,0.34013018956293,0.5,0.989271148978372
0.316018855812172,0.310684156384824,0.5,0.313197430781408,0.329840858032641,0,0.314600003989789,0.296279621695684,0.5,0.313197430781408,0.329840858032641,0.5,0.314600003989789,0.296279621695684,0,0.316018855812172,0.310684156384824,0.5,1.04325379790571
0.306901434826423,0.286440673740973,0,0.29426233949084,0.29356322958032,0,0.277789777891776,0.290197513728411,0.5,0.29426233949084,0.29356322958032,0.5,0.277789777891776,0.290197513728411,0,0.306901434826423,0.286440673740973,0.5,0
0.272679524148238,0.323376783012968,0.5,0.271348180617974,0.30389703098266,0.5,0.301033821994547,0.273202529992306,0,0.271348180617974,0.30389703098266,0.5,0.301033821994547,0.273202529992306,0,0.272679524148238,0.323376783012968,0,0
0.301598217412245,0.31577359412269,0.5,0.315430128548057,0.33892521020668,0,0.306396248895451,0.340159046001422,0.5,0.315430128548057,0.33892521020668,0,0.306396248895451,0.340159046001422,0,0.301598217412245,0.31577359412269,0,1.04284140835773
0.334297389921979,0.294497607832521,0,0.314579274236832,0.307877551041151,0.5,0.296960098644759,0.292218363772469,0,0.314579274236832,0.307877551041151,0,0.296960098644759,0.292218363772469,0,0.334297389921979,0.294497607832521,0,1.01682850553781
0.278562694936993,0.328636586912352,0.5,0.296867012888447,0.308541477774851,0,0.310989396412372,0.311214842751928,0.5,0.296867012888447,0.308541477774851,0.5,0.310989396412372,0.311214842751928,0,0.278562694936993,0.328636586912352,0,0
0.298904035759442,0.315753415904545,0.5,0.302876328988826,0.304506834752349,0,0.303441898563246,0.338491863540532,0.5,0.302876328988826,0.304506834752349,0.5,0.303441898563246,0.338491863540532,0,0.298904035759442,0.315753415904545,0,0
0.284532176853752,0.282883642440741,0.5,0.313274609207628,0.305093873554337,0.5,0.36122888556354,0.317469365935093,0.5,0.313274609207628,0.305093873554337,0,0.36122888556354,0.317469365935093,0.5,0.284532176853752,0.282883642440741,0,0
0.315400377668697,0.292948155899291,0,0.294425790378384,0.317687889711991,0,0.303372399967573,0.290096918150466,0.5,0.294425790378384,0.317687889711991,0.5,0.303372399967573,0.290096918150466,0.5,0.315400377668697,0.292948155899291,0,0
0.290779530199898,0.319225479464816,0.5,0.343507677604787,0.296463129955589,0.5,0.325565066498311,0.315434044776774,0.5,0.343507677604787,0.296463129955589,0,0.325565066498311,0.315434044776774,0,0.290779530199898,0.319225479464816,0,0
0.270362118925134,0.288287400723831,0,0.302416709373445,0.34077711233822,0,0.272317971999402,0.298995368297351,0,0.302416709373445,0.34077711233822,0,0.272317971999402,0.298995368297351,0,0.270362118925134,0.288287400723831,0,1.01672264126154
0.29198047057977,0.307508366325212,0,0.281097010091363,0.295288128933558,0,0.292545989108253,0.322058956763843,0.5,0.281097010091363,0.295288128933558,0.5,0.292545989108253,0.322058956763843,0,0.29198047057977,0.307508366325212,0,0
0.299424338048838,0.342225192497027,0.5,0.301247721488217,0.283314595643481,0.5,0.31520287679213,0.312437853416278,0,0.301247721488217,0.283314595643481,0,0.31520287679213,0.312437853416278,0.5,0.299424338048838,0.342225192497027,0.5,0
0.314156413359488,0.267363804031182,0,0.273743125563409,0.345025928146623,0,0.305751260511192,0.295473915342406,0,0.273743125563409,0.345025928146623,0,0.305751260511192,0.295473915342406,0,0.314156413359488,0.267363804031182,0.5,1.02753410584101
0.339156789314401,0.300393909802822,0.5,0.322174598179019,0.307205218895509,0,0.261304221620839,0.291776889007437,0,0.322174598179019,0.307205218895509,0.5,0.261304221620839,0.291776889007437,0.5,0.339156789314401,0.300393909802822,0.5,0
0.286524620823497,0.292847378215913,0.5,0.301344992035474,0.277526681240056,0.5,0.310991069235148,0.278481934982598,0.5,0.301344992035474,0.277526681240056,0.5,0.310991069235148,0.278481934982598,0,0.286524620823497,0.292847378215913,0.5,0
0.305256122825536,0.311108824168794,0.5,0.280630431883968,0.324203521747219,0.5,0.318419411762168,0.328056342137138,0.5,0.280630431883968,0.324203521747219,0,0.318419411762168,0.328056342137138,0,0.305256122825536,0.311108824168794,0,0
0.314214071202875,0.284553048997761,0,0.292471786693071,0.311964868758308,0,0.316260257260943,0.258180860407656,0.5,0.292471786693071,0.311964868758308,0.5,0.316260257260943,0.258180860407656,0.5,0.314214071202875,0.284553048997761,0,0
0.308952136515292,0.284201593626643,0.5,0.296220481361668,0.304463436164831,0,0.273333309194014,0.268419858290989,0.5,0.296220481361668,0.304463436164831,0,0.273333309194014,0.268419858290989,0.5,0.308952136515292,0.284201593626643,0.5,0
0.271457644593146,0.297839377357318,0,0.306983750605401,0.331207134983208,0.5,0.291833153924715,0.316806677625973,0.5,0.306983750605401,0.331207134983208,0,0.291833153924715,0.316806677625973,0.5,0.271457644593146,0.297839377357318,0.5,0
0.301279178743771,0.296404212983605,0,0.267881810007013,0.32882445171429,0.5,0.298925070076975,0.314075081423888,0.5,0.267881810007013,0.32882445171429,0.5,0.298925070076975,0.314075081423888,0.5,0.301279178743771,0.296404212983605,0.5,0
0.301190001337046,0.300934657151409,0.5,0.290647926817858,0.335518852557762,0.5,0.291617594076362,0.272804215800299,0.5,0.290647926817858,0.335518852557762,0.5,0.291617594076362,0.272804215800299,0,0.301190001337046,0.300934657151409,0.5,0
0.312551069912003,0.297377002061686,0,0.302756807607575,0.295303823212247,0,0.311447647655496,0.314013819907855,0,0.302756807607575,0.295303823212247,0,0.311447647655496,0.314013819907855,0,0.312551069912003,0.297377002061686,0,1.04257091074284
0.289606267102419,0.273507980100133,0,0.3062197831593,0.301927764325634,0.5,0.308768979686519,0.286571565412616,0,0.3062197831593,0.301927764325634,0,0.308768979686519,0.286571565412616,0,0.289606267102419,0.273507980100133,0,1.02913310181888
0.279315681730858,0.280768919209778,0,0.318304512974047,0.274067782452945,0,0.289625062542055,0.305233415018024,0.5,0.318304512974047,0.274067782452945,0.5,0.289625062542055,0.305233415018024,0.5,0.279315681730858,0.280768919209778,0.5,0
