0.3472,0.3416,0.5,0.3472,0.3416,0.5,0.33
0.343,0.291,0.5,0.443,0.361,0,0.313
0.327,0.382,0,0.474,0.389,0,0.303
0.279,0.262,0.5,0.293,0.414,0,0.339
0.288,0.318,0.5,0.383,0.425,0,0.318
0.295,0.528,0,0.286,0.314,0.5,0.353
0.423,0.347,0,0.371,0.531,0,0.312
0.314,0.265,0.5,0.361,0.287,0.5,0.351
0.367,0.269,0.5,0.447,0.348,0,0.314
0.427,0.207,0.5,0.184,0.263,0.5,0.398
0.466,0.264,0,0.267,0.412,0,0.339
0.361,0.41,0,0.333,0.396,0,0.323
0.364,0.371,0.5,0.389,0.389,0,0.317
0.293,0.257,0.5,0.337,0.343,0,0.335
0.322,0.333,0.5,0.195,0.366,0.5,0.387
0.329,0.346,0,0.341,0.413,0,0.323
0.416,0.316,0,0.294,0.303,0.5,0.355
0.301,0.47,0,0.398,0.402,0,0.31
0.279,0.436,0,0.459,0.308,0,0.307
0.334,0.311,0.5,0.334,0.292,0.5,0.354
0.345,0.397,0,0.25,0.456,0.5,0.353
0.351,0.311,0.5,0.374,0.282,0,0.329
0.378,0.308,0.5,0.428,0.321,0,0.317
0.344,0.217,0.5,0.293,0.291,0.5,0.369
0.276,0.267,0.5,0.365,0.315,0,0.332
0.242,0.377,0.5,0.255,0.362,0,0.348
0.294,0.278,0.5,0.262,0.418,0.5,0.366
0.277,0.312,0.5,0.362,0.205,0.5,0.358
0.37,0.396,0.5,0.265,0.508,0,0.329
0.368,0.437,0,0.304,0.343,0,0.331
0.342,0.388,0,0.475,0.245,0.5,0.321
0.334,0.248,0.5,0.336,0.248,0.5,0.36
0.467,0.329,0,0.276,0.212,0.5,0.364
0.317,0.5,0,0.29,0.197,0.5,0.362
0.3,0.341,0.5,0.29,0.288,0.5,0.368
0.34,0.312,0.5,0.353,0.234,0,0.337
0.327,0.22,0.5,0.27,0.293,0.5,0.376
0.368,0.407,0.5,0.3,0.361,0.5,0.352
0.295,0.222,0.5,0.428,0.396,0,0.316
0.327,0.439,0,0.433,0.223,0.5,0.329
0.314,0.347,0.5,0.4,0.263,0.5,0.34
0.454,0.284,0.5,0.262,0.402,0,0.34
0.35,0.244,0.5,0.297,0.399,0,0.338
0.387,0.506,0,0.351,0.291,0,0.323
0.192,0.286,0.5,0.355,0.361,0,0.332
0.327,0.319,0.5,0.244,0.328,0.5,0.376
0.234,0.32,0.5,0.302,0.383,0,0.338
0.341,0.402,0,0.475,0.478,0,0.298
0.347,0.222,0.5,0.272,0.326,0,0.35
0.315,0.325,0.5,0.318,0.253,0.5,0.363
0.344,0.299,0.5,0.291,0.379,0,0.338
0.36,0.264,0.5,0.38,0.387,0,0.323
0.36,0.35,0,0.202,0.212,0.5,0.389
0.257,0.366,0.5,0.355,0.318,0,0.33
0.312,0.356,0.5,0.363,0.411,0,0.321
0.249,0.375,0.5,0.352,0.297,0.5,0.351
0.287,0.247,0.5,0.268,0.26,0.5,0.382
0.359,0.227,0.5,0.386,0.27,0.5,0.345
0.259,0.347,0.5,0.349,0.409,0.5,0.343
0.337,0.293,0,0.272,0.29,0.5,0.366
0.339,0.265,0.5,0.281,0.427,0,0.338
0.422,0.319,0,0.259,0.385,0.5,0.357
0.32,0.457,0,0.347,0.445,0,0.316
0.35,0.315,0.5,0.466,0.434,0,0.305
0.374,0.318,0,0.245,0.324,0.5,0.367
0.45,0.334,0,0.308,0.248,0.5,0.354
0.501,0.365,0,0.218,0.4,0.5,0.361
0.41,0.24,0,0.234,0.24,0.5,0.379
0.412,0.313,0,0.385,0.392,0,0.319
0.382,0.179,0.5,0.247,0.369,0.5,0.374
0.298,0.289,0.5,0.227,0.246,0.5,0.393
0.319,0.381,0,0.469,0.317,0,0.308
0.321,0.452,0,0.334,0.402,0,0.321
0.351,0.432,0,0.32,0.423,0.5,0.338
0.291,0.335,0.5,0.437,0.432,0,0.308
0.333,0.386,0,0.295,0.311,0.5,0.355
0.186,0.439,0.5,0.294,0.337,0.5,0.366
0.369,0.195,0.5,0.399,0.39,0,0.322
0.28,0.376,0.5,0.293,0.225,0.5,0.373
0.439,0.287,0,0.277,0.474,0.5,0.346
0.362,0.356,0,0.459,0.406,0,0.306
0.327,0.401,0,0.34,0.221,0.5,0.351
0.148,0.303,0.5,0.327,0.279,0.5,0.37
0.317,0.379,0,0.252,0.321,0.5,0.366
0.3,0.319,0.5,0.376,0.249,0.5,0.349
0.239,0.324,0.5,0.407,0.339,0,0.32
0.446,0.268,0.5,0.316,0.343,0.5,0.351
0.413,0.251,0,0.108,0.375,0.5,0.402
0.351,0.415,0,0.285,0.307,0.5,0.356
0.244,0.29,0.5,0.132,0.302,0.5,0.424
0.277,0.397,0.5,0.246,0.342,0.5,0.375
0.213,0.445,0,0.316,0.293,0.5,0.355
0.327,0.318,0,0.387,0.221,0.5,0.344
0.309,0.3,0.5,0.349,0.235,0.5,0.357
0.229,0.259,0.5,0.29,0.241,0.5,0.381
0.365,0.277,0,0.448,0.351,0,0.313
0.311,0.208,0.5,0.292,0.262,0.5,0.374
0.424,0.281,0,0.316,0.329,0.5,0.349
0.355,0.285,0,0.286,0.365,0.5,0.356
0.24,0.287,0.5,0.382,0.301,0.5,0.347
0.26,0.387,0.5,0.456,0.368,0,0.307
0.373,0.217,0.5,0.349,0.27,0.5,0.354
0.391,0.268,0.5,0.335,0.375,0,0.331
0.27,0.438,0,0.234,0.348,0.5,0.369
0.35,0.305,0.5,0.391,0.352,0,0.322
0.241,0.314,0.5,0.414,0.369,0,0.317
0.235,0.374,0.5,0.216,0.364,0.5,0.386
0.328,0.382,0,0.381,0.38,0,0.317
0.254,0.437,0.5,0.359,0.347,0,0.324
0.364,0.368,0,0.37,0.329,0,0.323
0.304,0.297,0.5,0.234,0.239,0.5,0.391
0.217,0.401,0,0.404,0.344,0,0.315
0.168,0.364,0.5,0.313,0.372,0,0.338
0.442,0.313,0,0.362,0.445,0,0.32
0.346,0.34,0.5,0.33,0.295,0.5,0.353
0.292,0.346,0,0.365,0.414,0,0.319
0.303,0.286,0.5,0.351,0.276,0.5,0.354
0.254,0.234,0.5,0.336,0.366,0,0.336
0.332,0.372,0.5,0.45,0.299,0,0.313
0.276,0.377,0.5,0.386,0.308,0.5,0.34
0.283,0.373,0.5,0.303,0.254,0.5,0.367
0.488,0.282,0,0.431,0.404,0,0.315
0.395,0.341,0.5,0.309,0.255,0.5,0.36
0.371,0.224,0.5,0.323,0.305,0.5,0.358
0.352,0.341,0,0.248,0.247,0.5,0.374
0.381,0.417,0,0.404,0.284,0,0.318
0.408,0.361,0,0.379,0.391,0,0.318
0.218,0.334,0,0.371,0.258,0,0.329
0.33,0.342,0,0.326,0.306,0,0.333
0.209,0.373,0.5,0.372,0.28,0.5,0.35
0.391,0.369,0,0.418,0.294,0.5,0.328
0.251,0.295,0.5,0.26,0.324,0.5,0.378
0.282,0.371,0.5,0.357,0.252,0.5,0.352
0.335,0.331,0.5,0.422,0.265,0,0.321
0.358,0.324,0,0.33,0.331,0.5,0.347
0.351,0.304,0.5,0.416,0.37,0,0.316
0.352,0.397,0,0.356,0.352,0.5,0.337
0.372,0.313,0,0.296,0.469,0.5,0.344
0.291,0.318,0.5,0.441,0.338,0,0.314
0.325,0.183,0.5,0.428,0.349,0,0.321
0.431,0.465,0,0.39,0.378,0,0.314
0.371,0.375,0.5,0.36,0.453,0,0.317
0.391,0.257,0.5,0.351,0.318,0.5,0.347
0.267,0.268,0.5,0.298,0.229,0.5,0.376
0.238,0.338,0.5,0.317,0.307,0.5,0.363
0.274,0.382,0,0.284,0.389,0.5,0.354
0.383,0.202,0.5,0.303,0.408,0.5,0.354
0.272,0.367,0.5,0.387,0.49,0,0.311
0.432,0.389,0,0.355,0.354,0,0.323
0.347,0.283,0.5,0.333,0.295,0.5,0.355
0.35,0.417,0,0.36,0.28,0.5,0.34
0.448,0.377,0,0.24,0.23,0.5,0.371
0.464,0.337,0.5,0.262,0.342,0,0.342
0.396,0.297,0.5,0.396,0.342,0,0.321
0.266,0.35,0.5,0.337,0.31,0,0.334
0.334,0.356,0,0.307,0.311,0.5,0.353
0.233,0.381,0.5,0.343,0.242,0.5,0.36
0.214,0.305,0.5,0.313,0.48,0,0.33
0.258,0.418,0,0.256,0.348,0.5,0.365
0.268,0.289,0.5,0.324,0.321,0.5,0.359
0.364,0.188,0.5,0.318,0.407,0.5,0.352
0.456,0.378,0,0.429,0.287,0,0.317
0.297,0.319,0.5,0.35,0.354,0,0.329
0.383,0.321,0,0.326,0.404,0,0.327
0.366,0.462,0,0.21,0.314,0.5,0.372
0.251,0.354,0.5,0.339,0.381,0,0.329
0.224,0.301,0.5,0.305,0.341,0,0.342
0.334,0.345,0,0.235,0.323,0.5,0.371
0.343,0.229,0.5,0.305,0.382,0,0.338
0.303,0.25,0.5,0.521,0.476,0,0.297
0.338,0.363,0,0.233,0.412,0,0.342
0.34,0.227,0.5,0.226,0.294,0.5,0.388
0.304,0.264,0.5,0.215,0.427,0.5,0.379
0.372,0.355,0.5,0.199,0.399,0.5,0.378
0.437,0.179,0.5,0.347,0.36,0,0.333
0.364,0.321,0,0.425,0.447,0,0.309
0.315,0.332,0.5,0.304,0.262,0.5,0.365
0.38,0.283,0.5,0.281,0.309,0.5,0.365
0.274,0.316,0.5,0.279,0.502,0,0.333
0.238,0.218,0.5,0.365,0.407,0,0.328
0.298,0.51,0,0.295,0.376,0.5,0.347
0.386,0.326,0,0.372,0.274,0,0.328
0.341,0.332,0.5,0.368,0.261,0.5,0.347
0.362,0.336,0.5,0.298,0.214,0.5,0.369
0.356,0.368,0,0.3,0.362,0.5,0.349
0.265,0.299,0.5,0.281,0.258,0.5,0.377
0.321,0.291,0.5,0.291,0.323,0.5,0.365
0.386,0.392,0.5,0.408,0.372,0,0.314
0.327,0.268,0.5,0.334,0.358,0,0.333
0.369,0.321,0,0.442,0.329,0,0.314
0.372,0.408,0,0.334,0.397,0.5,0.337
0.341,0.33,0,0.321,0.416,0,0.327
0.346,0.428,0,0.338,0.3,0.5,0.343
0.353,0.399,0.5,0.321,0.277,0.5,0.355
0.317,0.283,0.5,0.336,0.351,0,0.333
0.387,0.357,0,0.488,0.306,0,0.308
0.355,0.337,0.5,0.26,0.239,0.5,0.377
0.351,0.384,0,0.232,0.349,0.5,0.367
0.508,0.351,0,0.226,0.421,0,0.342
0.142,0.344,0.5,0.347,0.325,0,0.336
0.238,0.326,0.5,0.262,0.248,0.5,0.385
0.442,0.328,0,0.337,0.316,0.5,0.343
0.302,0.377,0.5,0.337,0.34,0.5,0.349
0.323,0.29,0,0.306,0.374,0.5,0.351
0.364,0.168,0.5,0.353,0.31,0.5,0.352
0.425,0.311,0,0.083,0.405,0.5,0.403
0.365,0.409,0,0.335,0.303,0,0.329
0.221,0.422,0.5,0.332,0.439,0,0.324
0.28,0.314,0.5,0.354,0.339,0,0.33
0.318,0.349,0.5,0.395,0.356,0,0.319
0.353,0.261,0,0.416,0.372,0,0.317
0.388,0.345,0,0.371,0.354,0,0.322
0.223,0.397,0.5,0.285,0.371,0.5,0.364
0.138,0.252,0.5,0.355,0.322,0.5,0.36
0.263,0.343,0.5,0.408,0.389,0,0.316
0.471,0.426,0,0.328,0.329,0,0.328
0.35,0.268,0,0.359,0.394,0,0.324
0.26,0.296,0.5,0.301,0.331,0.5,0.365
0.331,0.35,0,0.364,0.443,0,0.317
0.306,0.336,0.5,0.333,0.105,0.5,0.373
0.464,0.272,0,0.286,0.223,0.5,0.364
0.431,0.256,0.5,0.28,0.203,0.5,0.374
0.37,0.373,0,0.385,0.404,0,0.316
0.328,0.222,0.5,0.362,0.26,0.5,0.354
0.281,0.409,0.5,0.379,0.346,0.5,0.337
0.3,0.288,0.5,0.316,0.385,0,0.334
0.45,0.435,0,0.315,0.317,0,0.33
0.296,0.357,0,0.231,0.383,0.5,0.369
0.425,0.223,0.5,0.297,0.252,0.5,0.366
0.34,0.23,0.5,0.457,0.293,0,0.318
0.292,0.367,0,0.305,0.312,0,0.336
0.324,0.232,0.5,0.317,0.321,0.5,0.36
0.28,0.342,0.5,0.41,0.323,0.5,0.334
0.213,0.426,0,0.33,0.434,0,0.321
0.393,0.367,0,0.386,0.41,0,0.316
0.374,0.269,0.5,0.277,0.364,0,0.343
0.266,0.444,0,0.421,0.395,0,0.307
0.33,0.307,0.5,0.292,0.315,0,0.343
0.355,0.369,0,0.315,0.358,0.5,0.346
0.279,0.352,0.5,0.332,0.335,0.5,0.352
0.295,0.347,0.5,0.38,0.316,0.5,0.341
0.358,0.255,0.5,0.347,0.307,0.5,0.351
0.307,0.422,0,0.355,0.324,0.5,0.339
0.335,0.243,0.5,0.352,0.368,0,0.33
0.309,0.379,0,0.296,0.303,0.5,0.357
0.34,0.328,0.5,0.217,0.402,0,0.351
0.311,0.309,0.5,0.374,0.292,0.5,0.345
0.395,0.243,0,0.437,0.182,0.5,0.337
0.349,0.458,0,0.317,0.373,0,0.325
0.21,0.28,0.5,0.345,0.378,0.5,0.352
0.255,0.318,0.5,0.443,0.414,0,0.309
0.422,0.394,0,0.306,0.406,0.5,0.341
0.398,0.229,0.5,0.421,0.39,0,0.317
0.397,0.275,0,0.264,0.36,0.5,0.36
0.417,0.453,0,0.312,0.262,0.5,0.349
0.256,0.305,0.5,0.503,0.291,0,0.308
0.394,0.333,0,0.325,0.249,0.5,0.353
0.34,0.349,0,0.362,0.39,0,0.321
0.236,0.408,0.5,0.418,0.343,0,0.315
0.363,0.381,0,0.376,0.484,0,0.312
0.227,0.269,0.5,0.393,0.286,0,0.33
0.297,0.24,0.5,0.37,0.315,0.5,0.348
0.352,0.355,0,0.385,0.305,0.5,0.335
0.437,0.301,0.5,0.254,0.387,0.5,0.362
0.373,0.388,0,0.303,0.452,0,0.325
0.259,0.339,0.5,0.268,0.429,0,0.34
0.389,0.294,0.5,0.298,0.415,0,0.333
0.284,0.313,0.5,0.337,0.4,0.5,0.347
0.331,0.406,0,0.234,0.262,0.5,0.375
0.486,0.378,0,0.333,0.321,0.5,0.341
0.188,0.294,0.5,0.274,0.195,0.5,0.393
0.294,0.353,0.5,0.292,0.309,0.5,0.365
0.335,0.302,0,0.261,0.377,0.5,0.361
0.169,0.238,0.5,0.303,0.272,0.5,0.379
0.279,0.24,0.5,0.382,0.387,0,0.324
0.381,0.338,0,0.461,0.271,0,0.314
0.236,0.216,0.5,0.41,0.318,0,0.326
0.378,0.475,0,0.18,0.333,0.5,0.378
0.32,0.331,0,0.274,0.286,0.5,0.365
0.298,0.178,0.5,0.383,0.339,0,0.33
0.497,0.377,0,0.439,0.303,0,0.316
0.252,0.299,0.5,0.419,0.397,0,0.315
0.251,0.4,0.5,0.341,0.169,0.5,0.365
0.233,0.411,0.5,0.264,0.344,0.5,0.372
0.303,0.295,0.5,0.367,0.271,0,0.333
0.297,0.287,0.5,0.366,0.448,0,0.321
0.375,0.334,0.5,0.342,0.326,0.5,0.347
0.368,0.304,0.5,0.316,0.278,0.5,0.359
0.333,0.272,0.5,0.277,0.475,0,0.335
0.365,0.354,0.5,0.232,0.422,0,0.344
0.323,0.288,0.5,0.348,0.355,0,0.33
0.359,0.415,0,0.464,0.309,0,0.308
0.308,0.395,0.5,0.362,0.305,0.5,0.344
0.347,0.304,0.5,0.286,0.351,0.5,0.361
0.278,0.41,0,0.295,0.299,0,0.337
0.376,0.207,0.5,0.294,0.177,0.5,0.378
0.357,0.36,0,0.195,0.517,0.5,0.364
0.48,0.452,0,0.42,0.239,0,0.319
0.312,0.266,0.5,0.258,0.329,0.5,0.375
0.354,0.35,0.5,0.39,0.28,0,0.325
0.254,0.382,0,0.392,0.275,0.5,0.338
0.271,0.281,0.5,0.221,0.282,0.5,0.394
0.319,0.39,0,0.328,0.383,0,0.325
0.309,0.415,0.5,0.307,0.348,0.5,0.354
0.367,0.506,0,0.199,0.327,0.5,0.372
0.465,0.384,0,0.453,0.337,0,0.311
0.277,0.271,0.5,0.432,0.273,0.5,0.336
0.353,0.454,0,0.267,0.37,0.5,0.354
0.417,0.303,0.5,0.313,0.377,0.5,0.349
0.267,0.265,0.5,0.31,0.331,0.5,0.363
0.364,0.251,0.5,0.356,0.286,0.5,0.35
0.203,0.382,0.5,0.321,0.323,0.5,0.36
0.28,0.268,0.5,0.21,0.323,0.5,0.393
0.281,0.411,0.5,0.345,0.153,0.5,0.363
0.274,0.393,0.5,0.318,0.359,0.5,0.353
0.351,0.292,0,0.364,0.404,0,0.322
0.464,0.39,0,0.278,0.352,0.5,0.351
0.406,0.428,0,0.322,0.354,0,0.327
0.311,0.286,0.5,0.339,0.309,0,0.336
0.362,0.332,0,0.408,0.459,0,0.31
0.276,0.315,0,0.421,0.33,0,0.316
0.317,0.453,0,0.269,0.314,0.5,0.36
0.203,0.233,0.5,0.329,0.259,0.5,0.37
0.271,0.326,0.5,0.308,0.376,0,0.336
0.305,0.372,0,0.286,0.349,0,0.337
0.402,0.355,0,0.266,0.241,0.5,0.366
0.323,0.372,0,0.321,0.363,0.5,0.346
0.305,0.26,0.5,0.326,0.217,0.5,0.367
0.346,0.389,0,0.36,0.369,0,0.321
0.25,0.285,0.5,0.336,0.382,0,0.332
0.345,0.403,0,0.286,0.234,0.5,0.363
0.306,0.43,0.5,0.378,0.282,0,0.324
0.267,0.335,0.5,0.359,0.279,0,0.333
0.352,0.35,0.5,0.257,0.387,0.5,0.364
0.42,0.37,0,0.421,0.283,0.5,0.328
0.26,0.471,0,0.379,0.327,0,0.317
0.293,0.263,0.5,0.391,0.314,0,0.327
0.172,0.392,0,0.307,0.323,0.5,0.359
0.372,0.293,0.5,0.319,0.332,0.5,0.353
0.36,0.304,0,0.338,0.327,0.5,0.346
0.393,0.334,0,0.344,0.453,0,0.321
0.269,0.35,0.5,0.325,0.215,0.5,0.366
0.489,0.282,0.5,0.369,0.287,0.5,0.341
0.33,0.319,0.5,0.449,0.478,0,0.304
0.348,0.32,0,0.196,0.266,0.5,0.388
0.414,0.328,0,0.287,0.389,0,0.335
0.232,0.357,0.5,0.382,0.325,0,0.325
0.339,0.366,0.5,0.334,0.316,0,0.332
0.385,0.333,0.5,0.23,0.415,0.5,0.368
0.44,0.356,0,0.329,0.393,0,0.326
0.348,0.398,0,0.304,0.32,0.5,0.351
0.378,0.323,0,0.385,0.414,0,0.317
0.417,0.273,0.5,0.319,0.36,0,0.334
0.244,0.353,0.5,0.418,0.387,0,0.314
0.358,0.234,0.5,0.246,0.27,0.5,0.383
0.325,0.306,0.5,0.308,0.229,0.5,0.368
0.242,0.365,0.5,0.298,0.298,0,0.344
0.298,0.413,0,0.349,0.289,0.5,0.344
0.374,0.393,0,0.321,0.381,0.5,0.342
0.349,0.337,0,0.272,0.341,0.5,0.359
0.313,0.459,0,0.301,0.232,0.5,0.358
0.27,0.26,0.5,0.41,0.39,0,0.318
0.435,0.27,0,0.318,0.37,0.5,0.346
0.305,0.447,0,0.326,0.243,0.5,0.352
0.294,0.428,0,0.224,0.371,0.5,0.369
0.399,0.312,0,0.207,0.339,0.5,0.375
0.224,0.154,0.5,0.234,0.283,0.5,0.399
0.191,0.323,0.5,0.368,0.332,0,0.33
0.343,0.32,0,0.28,0.351,0.5,0.358
0.477,0.398,0,0.226,0.378,0.5,0.36
0.41,0.321,0,0.328,0.231,0.5,0.353
0.411,0.325,0,0.296,0.279,0.5,0.357
0.22,0.319,0.5,0.235,0.209,0.5,0.4
0.419,0.316,0,0.412,0.354,0,0.317
0.369,0.45,0,0.396,0.375,0,0.313
0.306,0.417,0,0.238,0.407,0,0.34
0.31,0.151,0.5,0.299,0.276,0.5,0.374
0.529,0.307,0,0.263,0.303,0.5,0.359
0.414,0.307,0,0.275,0.322,0.5,0.359
0.479,0.428,0,0.25,0.399,0.5,0.352
0.243,0.356,0.5,0.203,0.28,0.5,0.399
0.314,0.387,0.5,0.261,0.309,0.5,0.371
0.257,0.233,0.5,0.303,0.296,0.5,0.37
0.382,0.432,0,0.465,0.303,0,0.308
0.364,0.327,0,0.414,0.325,0,0.318
0.38,0.341,0,0.336,0.287,0.5,0.347
0.42,0.348,0,0.263,0.225,0.5,0.368
0.184,0.283,0.5,0.303,0.35,0.5,0.368
0.361,0.336,0,0.258,0.313,0.5,0.365
0.311,0.324,0.5,0.293,0.362,0,0.339
0.305,0.386,0,0.288,0.446,0,0.329
0.227,0.269,0.5,0.426,0.476,0,0.31
0.425,0.402,0,0.329,0.347,0.5,0.341
0.323,0.172,0.5,0.293,0.307,0.5,0.371
0.354,0.37,0,0.298,0.353,0,0.334
0.227,0.384,0,0.315,0.329,0.5,0.354
0.461,0.399,0,0.37,0.225,0.5,0.34
0.37,0.219,0.5,0.44,0.178,0.5,0.341
0.297,0.352,0,0.278,0.381,0.5,0.357
0.296,0.399,0,0.404,0.357,0,0.314
0.358,0.355,0,0.271,0.293,0.5,0.362
0.291,0.379,0,0.309,0.282,0.5,0.356
0.202,0.439,0.5,0.363,0.356,0,0.324
0.31,0.278,0,0.368,0.379,0.5,0.338
0.26,0.386,0.5,0.348,0.234,0.5,0.357
0.287,0.398,0,0.398,0.28,0.5,0.335
0.304,0.289,0.5,0.299,0.404,0,0.336
0.284,0.264,0.5,0.37,0.333,0,0.329
0.377,0.276,0,0.386,0.196,0.5,0.346
0.335,0.185,0.5,0.341,0.367,0.5,0.351
0.323,0.418,0,0.159,0.373,0.5,0.386
0.364,0.329,0.5,0.348,0.402,0,0.324
0.632,0.364,0,0.382,0.285,0,0.328
0.391,0.353,0,0.304,0.264,0.5,0.355
0.255,0.319,0.5,0.292,0.347,0.5,0.365
0.323,0.286,0.5,0.362,0.344,0,0.328
0.307,0.39,0,0.394,0.436,0,0.311
0.376,0.39,0,0.306,0.227,0,0.34
0.421,0.315,0,0.285,0.401,0,0.335
0.352,0.407,0,0.282,0.446,0.5,0.346
0.307,0.281,0.5,0.283,0.331,0.5,0.367
0.365,0.29,0.5,0.339,0.269,0.5,0.354
0.381,0.336,0,0.161,0.41,0.5,0.382
0.33,0.256,0.5,0.24,0.299,0.5,0.383
0.127,0.258,0.5,0.158,0.327,0.5,0.426
0.32,0.348,0.5,0.358,0.259,0,0.333
0.257,0.284,0.5,0.292,0.328,0.5,0.368
0.27,0.396,0,0.328,0.322,0.5,0.349
0.365,0.314,0,0.434,0.221,0.5,0.333
0.338,0.389,0,0.477,0.311,0,0.307
0.268,0.512,0,0.347,0.279,0.5,0.343
0.334,0.366,0,0.392,0.304,0.5,0.334
0.396,0.421,0,0.368,0.418,0,0.316
0.416,0.349,0,0.44,0.381,0,0.311
0.27,0.257,0.5,0.401,0.192,0.5,0.351
0.297,0.307,0.5,0.294,0.312,0.5,0.366
0.406,0.334,0,0.343,0.158,0.5,0.355
0.424,0.34,0,0.347,0.379,0,0.325
0.253,0.386,0,0.306,0.208,0.5,0.365
0.301,0.347,0.5,0.313,0.44,0,0.329
0.183,0.425,0.5,0.393,0.292,0,0.324
0.259,0.38,0.5,0.348,0.354,0,0.328
0.376,0.339,0,0.327,0.336,0.5,0.346
0.337,0.408,0,0.3,0.352,0,0.332
0.214,0.387,0.5,0.296,0.322,0.5,0.367
0.453,0.321,0,0.384,0.361,0,0.321
0.263,0.301,0,0.364,0.369,0,0.324
0.289,0.224,0.5,0.472,0.388,0,0.31
0.335,0.392,0,0.265,0.347,0,0.34
0.264,0.37,0,0.234,0.282,0.5,0.379
0.273,0.41,0,0.374,0.253,0.5,0.342
0.272,0.273,0.5,0.448,0.317,0,0.316
0.293,0.358,0,0.503,0.407,0,0.298
0.299,0.231,0,0.246,0.248,0.5,0.382
0.137,0.265,0.5,0.384,0.234,0.5,0.36
0.404,0.342,0,0.369,0.353,0,0.323
0.319,0.323,0.5,0.26,0.269,0.5,0.378
0.329,0.218,0.5,0.314,0.471,0,0.331
0.157,0.328,0.5,0.327,0.308,0,0.342
0.364,0.399,0,0.362,0.308,0.5,0.338
0.293,0.305,0.5,0.359,0.416,0,0.323
0.403,0.41,0,0.278,0.336,0.5,0.353
0.413,0.295,0,0.183,0.188,0.5,0.396
0.45,0.31,0,0.229,0.281,0.5,0.372
0.331,0.374,0,0.352,0.335,0.5,0.34
0.227,0.23,0.5,0.307,0.36,0.5,0.365
0.391,0.325,0,0.361,0.324,0,0.326
0.477,0.411,0,0.287,0.209,0.5,0.358
0.339,0.392,0,0.302,0.409,0.5,0.345
0.215,0.207,0.5,0.331,0.382,0,0.338
0.272,0.338,0.5,0.475,0.363,0,0.307
0.358,0.216,0.5,0.269,0.368,0,0.347
0.324,0.264,0.5,0.346,0.338,0.5,0.35
0.327,0.335,0,0.368,0.318,0.5,0.34
0.355,0.396,0,0.216,0.396,0.5,0.367
0.325,0.328,0,0.328,0.384,0.5,0.344
0.269,0.351,0.5,0.36,0.297,0,0.331
0.411,0.364,0,0.203,0.446,0.5,0.364
0.396,0.302,0.5,0.281,0.302,0.5,0.364
0.312,0.337,0.5,0.44,0.303,0,0.316
0.38,0.341,0.5,0.292,0.265,0.5,0.364
0.339,0.233,0.5,0.292,0.303,0,0.347
0.374,0.243,0.5,0.265,0.456,0.5,0.359
0.371,0.332,0,0.262,0.317,0.5,0.363
0.352,0.399,0,0.39,0.352,0,0.317
0.285,0.295,0.5,0.348,0.427,0,0.325
0.455,0.273,0,0.369,0.381,0,0.324
0.311,0.338,0.5,0.419,0.354,0,0.316
0.297,0.322,0.5,0.259,0.299,0.5,0.377
0.213,0.305,0.5,0.416,0.269,0.5,0.342
0.347,0.237,0.5,0.437,0.363,0,0.316
0.315,0.281,0.5,0.344,0.364,0,0.331
0.346,0.258,0.5,0.271,0.313,0.5,0.371
0.291,0.251,0.5,0.429,0.435,0,0.313
0.148,0.319,0.5,0.37,0.437,0,0.323
0.367,0.305,0,0.256,0.357,0.5,0.363
0.377,0.424,0,0.508,0.284,0,0.304
0.41,0.326,0.5,0.276,0.367,0.5,0.358
0.267,0.424,0,0.339,0.308,0.5,0.346
0.227,0.223,0.5,0.335,0.342,0.5,0.359
0.388,0.285,0,0.351,0.33,0.5,0.343
0.424,0.313,0.5,0.372,0.32,0.5,0.339
0.395,0.256,0,0.302,0.207,0.5,0.365
0.336,0.425,0.5,0.324,0.305,0.5,0.351
0.276,0.337,0.5,0.297,0.531,0,0.326
0.288,0.242,0.5,0.293,0.456,0.5,0.356
0.254,0.466,0,0.414,0.183,0.5,0.337
0.367,0.353,0,0.357,0.309,0.5,0.341
0.417,0.418,0,0.259,0.478,0,0.33
0.347,0.325,0.5,0.336,0.41,0,0.326
0.425,0.336,0,0.305,0.301,0.5,0.352
0.432,0.187,0,0.452,0.276,0,0.321
0.358,0.422,0,0.381,0.359,0,0.317
0.369,0.389,0,0.414,0.245,0,0.32
0.333,0.304,0.5,0.337,0.376,0.5,0.347
0.389,0.355,0,0.245,0.233,0.5,0.373
0.34,0.254,0.5,0.387,0.196,0.5,0.351
0.348,0.274,0.5,0.314,0.241,0.5,0.365
0.296,0.422,0,0.246,0.342,0.5,0.366
0.436,0.368,0,0.421,0.313,0,0.317
0.321,0.321,0,0.297,0.223,0.5,0.365
0.262,0.349,0.5,0.292,0.242,0.5,0.374
0.182,0.342,0.5,0.327,0.315,0.5,0.362
0.274,0.371,0.5,0.262,0.271,0.5,0.378
0.09,0.371,0.5,0.34,0.292,0.5,0.367
0.275,0.367,0.5,0.207,0.443,0,0.351
0.36,0.319,0.5,0.289,0.376,0,0.338
0.297,0.262,0.5,0.338,0.443,0,0.327
0.208,0.385,0.5,0.269,0.309,0.5,0.377
0.436,0.364,0,0.384,0.325,0,0.322
0.359,0.296,0.5,0.279,0.346,0.5,0.364
0.273,0.274,0.5,0.243,0.396,0,0.351
0.444,0.19,0.5,0.23,0.332,0.5,0.378
0.248,0.334,0.5,0.365,0.4,0,0.323
0.222,0.311,0.5,0.439,0.309,0,0.318
0.358,0.375,0,0.442,0.293,0.5,0.324
0.359,0.244,0.5,0.37,0.301,0.5,0.346
0.361,0.304,0,0.311,0.356,0,0.334
0.322,0.385,0,0.229,0.171,0.5,0.386
0.391,0.295,0.5,0.288,0.347,0,0.34
0.311,0.246,0,0.21,0.314,0.5,0.385
0.391,0.3,0.5,0.374,0.306,0,0.327
0.238,0.356,0.5,0.259,0.324,0.5,0.377
0.426,0.264,0,0.368,0.363,0,0.325
0.168,0.259,0.5,0.242,0.32,0.5,0.393
0.358,0.246,0.5,0.345,0.295,0.5,0.353
0.305,0.329,0.5,0.358,0.18,0.5,0.359
0.376,0.281,0,0.329,0.45,0,0.325
0.219,0.38,0.5,0.343,0.312,0.5,0.354
0.311,0.4,0,0.282,0.358,0,0.336
0.298,0.257,0.5,0.244,0.299,0.5,0.384
0.442,0.231,0.5,0.41,0.389,0,0.319
0.256,0.371,0,0.353,0.206,0.5,0.354
0.291,0.32,0.5,0.335,0.311,0.5,0.354
0.319,0.343,0.5,0.169,0.282,0.5,0.404
0.4,0.366,0,0.195,0.322,0.5,0.378
0.361,0.333,0.5,0.413,0.29,0,0.321
0.329,0.37,0,0.415,0.428,0,0.309
0.4,0.328,0,0.437,0.157,0,0.325
0.455,0.337,0.5,0.36,0.297,0,0.328
0.373,0.248,0.5,0.411,0.287,0,0.325
0.256,0.432,0,0.285,0.283,0.5,0.362
0.404,0.292,0,0.287,0.348,0.5,0.355
0.4,0.332,0,0.313,0.404,0.5,0.343
0.347,0.266,0,0.242,0.368,0,0.348
0.232,0.352,0,0.476,0.424,0,0.3
0.262,0.424,0.5,0.303,0.308,0.5,0.361
0.39,0.432,0,0.244,0.34,0,0.342
0.328,0.364,0.5,0.205,0.263,0.5,0.393
0.329,0.374,0.5,0.174,0.481,0.5,0.381
0.264,0.389,0,0.304,0.289,0.5,0.358
0.309,0.28,0,0.257,0.272,0.5,0.374
0.428,0.338,0,0.404,0.235,0.5,0.335
0.267,0.391,0,0.265,0.305,0.5,0.367
0.49,0.266,0,0.407,0.385,0,0.319
0.496,0.434,0,0.426,0.326,0,0.314
0.33,0.347,0,0.273,0.141,0.5,0.377
0.304,0.37,0,0.395,0.331,0,0.318
0.271,0.34,0.5,0.32,0.357,0.5,0.355
0.331,0.412,0,0.237,0.338,0.5,0.367
0.275,0.238,0.5,0.304,0.407,0,0.338
0.406,0.316,0.5,0.267,0.377,0.5,0.361
0.268,0.286,0.5,0.304,0.338,0,0.342
0.446,0.183,0,0.272,0.261,0.5,0.368
0.314,0.338,0,0.357,0.342,0.5,0.341
0.36,0.411,0,0.547,0.32,0,0.297
0.345,0.336,0.5,0.321,0.518,0,0.321
0.283,0.273,0.5,0.351,0.284,0.5,0.355
0.46,0.24,0,0.322,0.462,0.5,0.339
0.368,0.281,0.5,0.349,0.353,0.5,0.345
0.389,0.31,0.5,0.35,0.427,0,0.323
0.279,0.361,0,0.375,0.298,0,0.324
0.162,0.357,0.5,0.357,0.328,0.5,0.353
0.304,0.393,0,0.447,0.312,0,0.311
0.315,0.429,0.5,0.304,0.396,0,0.33
0.361,0.215,0.5,0.325,0.297,0.5,0.359
0.303,0.353,0.5,0.344,0.3,0.5,0.351
0.36,0.326,0.5,0.36,0.265,0.5,0.348
0.336,0.31,0,0.233,0.316,0.5,0.374
0.475,0.267,0,0.469,0.422,0,0.309
0.269,0.396,0,0.312,0.409,0,0.327
0.313,0.374,0.5,0.364,0.301,0.5,0.344
0.332,0.332,0,0.324,0.132,0.5,0.365
0.309,0.34,0.5,0.285,0.355,0,0.341
0.335,0.228,0.5,0.119,0.348,0.5,0.417
0.239,0.283,0.5,0.29,0.37,0,0.343
0.318,0.406,0,0.29,0.308,0.5,0.356
0.207,0.247,0.5,0.357,0.308,0,0.337
0.349,0.492,0,0.259,0.352,0.5,0.356
0.276,0.273,0.5,0.324,0.296,0.5,0.362
0.304,0.348,0,0.332,0.335,0.5,0.347
0.342,0.531,0,0.385,0.286,0,0.317
0.148,0.319,0.5,0.16,0.367,0.5,0.415
0.347,0.404,0.5,0.321,0.293,0.5,0.353
0.524,0.303,0,0.385,0.268,0,0.328
0.251,0.451,0,0.318,0.299,0.5,0.352
0.2,0.211,0.5,0.259,0.252,0.5,0.394
0.318,0.382,0.5,0.297,0.486,0,0.327
0.354,0.329,0.5,0.375,0.261,0.5,0.345
0.35,0.247,0.5,0.242,0.287,0.5,0.382
0.41,0.315,0,0.237,0.436,0.5,0.359
0.344,0.425,0,0.318,0.372,0.5,0.343
0.347,0.342,0,0.371,0.261,0,0.328
0.338,0.317,0.5,0.375,0.396,0,0.321
0.228,0.436,0.5,0.346,0.318,0,0.329
0.458,0.269,0,0.201,0.286,0.5,0.38
0.381,0.227,0.5,0.261,0.417,0,0.343
0.44,0.339,0,0.328,0.142,0.5,0.359
0.389,0.32,0,0.318,0.3,0.5,0.351
0.343,0.492,0.5,0.434,0.4,0,0.305
0.263,0.328,0.5,0.28,0.289,0.5,0.374
0.304,0.34,0.5,0.334,0.422,0,0.326
0.334,0.35,0,0.398,0.353,0,0.317
0.314,0.338,0,0.319,0.288,0,0.336
0.378,0.392,0,0.215,0.335,0.5,0.371
0.288,0.352,0.5,0.239,0.302,0.5,0.382
0.322,0.223,0.5,0.366,0.285,0.5,0.351
0.269,0.397,0.5,0.276,0.391,0.5,0.362
0.497,0.38,0,0.203,0.398,0.5,0.364
0.454,0.273,0,0.42,0.422,0,0.315
0.305,0.303,0,0.302,0.284,0.5,0.36
0.247,0.381,0.5,0.434,0.336,0,0.313
0.271,0.218,0.5,0.381,0.276,0,0.334
0.284,0.349,0.5,0.492,0.307,0,0.307
0.326,0.187,0.5,0.404,0.367,0,0.323
0.415,0.303,0,0.4,0.461,0,0.313
0.382,0.491,0,0.271,0.266,0.5,0.358
0.408,0.438,0,0.392,0.355,0,0.316
0.36,0.255,0.5,0.402,0.494,0,0.313
0.27,0.36,0.5,0.236,0.349,0.5,0.379
0.33,0.241,0.5,0.26,0.463,0,0.341
0.329,0.292,0.5,0.299,0.355,0,0.339
0.272,0.39,0,0.231,0.278,0.5,0.378
0.365,0.368,0,0.404,0.272,0,0.321
0.364,0.365,0,0.28,0.242,0.5,0.364
0.357,0.337,0,0.251,0.313,0.5,0.367
0.244,0.326,0.5,0.259,0.275,0.5,0.383
0.248,0.438,0.5,0.403,0.262,0.5,0.339
0.331,0.341,0,0.28,0.301,0.5,0.362
0.342,0.251,0.5,0.304,0.339,0.5,0.36
0.35,0.28,0,0.385,0.325,0.5,0.337
0.301,0.301,0.5,0.518,0.3,0,0.305
0.298,0.341,0.5,0.306,0.269,0.5,0.365
0.355,0.309,0.5,0.282,0.33,0,0.343
0.321,0.214,0.5,0.278,0.381,0.5,0.366
0.306,0.277,0.5,0.308,0.299,0.5,0.364
0.333,0.327,0.5,0.342,0.473,0,0.321
0.283,0.344,0.5,0.365,0.337,0,0.327
0.394,0.197,0.5,0.427,0.37,0,0.319
0.336,0.312,0.5,0.289,0.355,0,0.34
0.368,0.343,0,0.26,0.258,0.5,0.369
0.28,0.364,0.5,0.367,0.39,0,0.322
0.377,0.312,0,0.256,0.41,0.5,0.358
0.287,0.31,0.5,0.322,0.301,0,0.339
0.323,0.326,0,0.187,0.389,0.5,0.38
0.35,0.268,0.5,0.477,0.235,0,0.317
0.426,0.416,0,0.44,0.302,0,0.313
0.29,0.21,0.5,0.371,0.156,0.5,0.364
0.251,0.289,0.5,0.365,0.297,0,0.333
0.322,0.397,0,0.415,0.224,0,0.321
0.309,0.291,0,0.297,0.251,0.5,0.365
0.255,0.494,0,0.214,0.306,0.5,0.378
0.307,0.278,0.5,0.411,0.283,0.5,0.338
0.369,0.32,0.5,0.35,0.47,0,0.32
0.346,0.245,0.5,0.34,0.331,0,0.335
0.298,0.251,0.5,0.418,0.307,0,0.323
0.302,0.324,0.5,0.31,0.357,0.5,0.356
0.176,0.325,0.5,0.384,0.34,0,0.326
0.298,0.338,0,0.266,0.264,0.5,0.37
0.363,0.338,0,0.331,0.285,0.5,0.349
0.352,0.233,0.5,0.285,0.291,0.5,0.37
0.414,0.338,0.5,0.34,0.269,0.5,0.35
0.453,0.384,0,0.236,0.294,0.5,0.366
0.252,0.39,0,0.448,0.387,0,0.306
0.223,0.399,0.5,0.363,0.292,0.5,0.349
0.241,0.36,0.5,0.432,0.465,0,0.306
0.27,0.401,0,0.299,0.37,0.5,0.352
0.27,0.402,0.5,0.326,0.268,0.5,0.359
0.408,0.327,0,0.291,0.254,0.5,0.36
0.265,0.341,0.5,0.197,0.373,0.5,0.39
0.356,0.381,0,0.329,0.308,0,0.331
0.255,0.182,0.5,0.227,0.283,0.5,0.398
0.401,0.302,0.5,0.273,0.405,0,0.338
0.41,0.437,0,0.277,0.275,0.5,0.357
0.27,0.349,0.5,0.332,0.112,0.5,0.374
0.281,0.375,0,0.306,0.263,0,0.339
0.34,0.294,0.5,0.297,0.378,0,0.337
0.311,0.398,0,0.306,0.285,0.5,0.355
0.279,0.369,0.5,0.373,0.34,0,0.324
0.467,0.267,0.5,0.358,0.381,0.5,0.338
0.264,0.367,0.5,0.471,0.365,0,0.306
0.357,0.494,0,0.15,0.311,0.5,0.389
0.424,0.343,0,0.346,0.336,0.5,0.34
0.365,0.261,0.5,0.315,0.405,0,0.333
0.35,0.351,0.5,0.271,0.33,0.5,0.366
0.374,0.216,0.5,0.303,0.331,0.5,0.361
0.375,0.23,0.5,0.222,0.312,0.5,0.385
0.274,0.357,0,0.271,0.423,0.5,0.356
0.217,0.312,0.5,0.299,0.206,0.5,0.38
0.331,0.176,0.5,0.28,0.199,0.5,0.385
0.258,0.249,0.5,0.308,0.439,0,0.335
0.38,0.411,0,0.404,0.328,0,0.316
0.261,0.362,0,0.391,0.332,0,0.319
0.274,0.332,0,0.429,0.328,0,0.314
0.394,0.288,0.5,0.327,0.32,0,0.335
0.356,0.341,0.5,0.282,0.313,0,0.343
0.353,0.404,0,0.351,0.348,0.5,0.338
0.32,0.389,0,0.316,0.417,0.5,0.342
0.382,0.268,0,0.218,0.355,0.5,0.374
0.401,0.237,0,0.248,0.383,0.5,0.364
0.383,0.283,0.5,0.412,0.364,0,0.318
0.32,0.421,0.5,0.325,0.346,0,0.33
0.369,0.319,0,0.179,0.279,0.5,0.39
0.272,0.331,0.5,0.345,0.324,0,0.332
0.297,0.229,0.5,0.392,0.322,0,0.327
0.376,0.381,0,0.306,0.266,0.5,0.354
0.274,0.216,0.5,0.346,0.313,0,0.338
0.294,0.299,0.5,0.327,0.301,0.5,0.358
0.271,0.291,0.5,0.381,0.396,0,0.322
0.33,0.402,0,0.344,0.37,0.5,0.338
0.206,0.282,0.5,0.397,0.241,0.5,0.35
0.237,0.337,0.5,0.318,0.36,0.5,0.357
0.199,0.332,0.5,0.275,0.352,0.5,0.374
0.295,0.327,0.5,0.352,0.34,0,0.329
0.299,0.306,0.5,0.419,0.253,0.5,0.338
0.3,0.411,0,0.45,0.338,0,0.308
0.361,0.331,0.5,0.326,0.249,0.5,0.358
0.263,0.293,0.5,0.249,0.336,0.5,0.38
0.384,0.313,0,0.308,0.325,0.5,0.352
0.351,0.243,0.5,0.301,0.284,0.5,0.366
0.272,0.354,0.5,0.271,0.399,0.5,0.364
0.242,0.293,0.5,0.42,0.331,0,0.32
0.302,0.384,0.5,0.367,0.26,0.5,0.347
0.41,0.261,0,0.45,0.314,0,0.316
0.515,0.342,0,0.374,0.417,0,0.32
0.402,0.287,0.5,0.333,0.331,0.5,0.349
0.368,0.341,0,0.301,0.413,0,0.33
0.462,0.376,0,0.325,0.306,0.5,0.344
0.306,0.375,0.5,0.305,0.362,0,0.335
0.386,0.367,0,0.394,0.309,0,0.32
0.397,0.374,0.5,0.374,0.329,0,0.323
0.265,0.365,0.5,0.342,0.382,0,0.327
0.379,0.338,0,0.482,0.38,0,0.305
0.266,0.36,0.5,0.375,0.295,0.5,0.345
0.43,0.363,0,0.318,0.292,0.5,0.348
0.289,0.486,0,0.375,0.263,0.5,0.338
0.436,0.37,0,0.292,0.289,0.5,0.354
0.287,0.305,0.5,0.247,0.322,0.5,0.379
0.407,0.313,0,0.274,0.32,0.5,0.359
0.219,0.379,0.5,0.269,0.408,0.5,0.367
0.368,0.193,0.5,0.512,0.396,0,0.305
0.375,0.297,0,0.32,0.434,0.5,0.341
0.36,0.365,0,0.277,0.313,0.5,0.359
0.252,0.465,0,0.29,0.303,0.5,0.358
0.407,0.285,0,0.294,0.342,0.5,0.354
0.449,0.396,0,0.325,0.334,0.5,0.342
0.433,0.189,0.5,0.375,0.361,0,0.328
0.368,0.401,0,0.32,0.317,0.5,0.347
0.228,0.308,0.5,0.456,0.333,0,0.313
0.295,0.346,0.5,0.313,0.393,0,0.332
0.251,0.253,0.5,0.29,0.329,0.5,0.371
0.342,0.284,0.5,0.326,0.261,0.5,0.36
0.385,0.28,0,0.322,0.225,0.5,0.358
0.378,0.283,0,0.277,0.418,0,0.336
0.349,0.345,0,0.366,0.206,0.5,0.348
0.293,0.397,0.5,0.43,0.27,0.5,0.331
0.304,0.332,0.5,0.347,0.314,0.5,0.35
0.41,0.386,0,0.254,0.391,0.5,0.355
0.366,0.352,0.5,0.314,0.385,0,0.331
0.29,0.429,0.5,0.438,0.437,0,0.304
0.416,0.377,0,0.278,0.264,0,0.343
0.394,0.352,0,0.207,0.512,0.5,0.359
0.148,0.369,0.5,0.346,0.458,0,0.324
0.26,0.403,0,0.267,0.4,0.5,0.358
0.263,0.32,0.5,0.396,0.367,0,0.32
0.317,0.197,0.5,0.288,0.232,0.5,0.379
0.361,0.3,0.5,0.308,0.371,0.5,0.353
0.266,0.445,0,0.387,0.299,0,0.319
0.264,0.406,0,0.286,0.369,0,0.334
0.282,0.3,0.5,0.298,0.273,0.5,0.37
0.223,0.301,0.5,0.201,0.419,0.5,0.39
0.358,0.348,0.5,0.396,0.411,0,0.315
0.308,0.381,0,0.297,0.173,0.5,0.368
0.367,0.326,0,0.232,0.355,0.5,0.368
0.41,0.408,0,0.338,0.237,0.5,0.347
0.209,0.223,0.5,0.312,0.427,0,0.338
0.253,0.398,0.5,0.328,0.38,0,0.329
0.34,0.28,0.5,0.348,0.348,0,0.33
0.205,0.299,0.5,0.445,0.36,0,0.314
0.416,0.517,0,0.329,0.303,0,0.326
0.289,0.292,0.5,0.394,0.34,0,0.323
0.324,0.271,0.5,0.263,0.35,0.5,0.371
0.282,0.293,0.5,0.296,0.401,0.5,0.358
0.275,0.223,0,0.428,0.394,0,0.314
0.431,0.419,0,0.284,0.459,0,0.327
0.217,0.441,0.5,0.41,0.305,0,0.318
0.26,0.389,0.5,0.34,0.377,0.5,0.346
0.352,0.294,0,0.32,0.517,0,0.322
0.442,0.229,0.5,0.377,0.317,0.5,0.341
0.365,0.338,0,0.32,0.241,0.5,0.355
0.364,0.374,0.5,0.358,0.249,0.5,0.348
0.433,0.241,0.5,0.389,0.207,0.5,0.347
0.227,0.302,0.5,0.344,0.23,0.5,0.364
0.335,0.352,0,0.198,0.371,0.5,0.377
0.414,0.379,0,0.329,0.273,0,0.333
0.357,0.284,0.5,0.305,0.294,0.5,0.362
0.397,0.338,0,0.29,0.342,0.5,0.353
0.196,0.368,0,0.313,0.377,0,0.331
0.375,0.327,0,0.333,0.3,0,0.332
0.432,0.356,0,0.351,0.446,0,0.32
0.245,0.326,0.5,0.229,0.224,0.5,0.398
0.272,0.299,0.5,0.351,0.379,0,0.328
0.301,0.35,0.5,0.192,0.283,0.5,0.398
0.303,0.338,0.5,0.302,0.458,0,0.33
0.295,0.275,0.5,0.29,0.419,0,0.338
0.245,0.274,0.5,0.225,0.181,0.5,0.406
0.326,0.337,0,0.309,0.369,0,0.332
0.299,0.286,0.5,0.369,0.258,0,0.334
0.328,0.347,0,0.363,0.381,0,0.321
0.284,0.339,0,0.358,0.412,0,0.32
0.361,0.342,0,0.363,0.217,0.5,0.347
0.352,0.231,0.5,0.444,0.24,0,0.323
0.4,0.297,0,0.279,0.301,0.5,0.36
0.243,0.334,0.5,0.451,0.318,0,0.314
0.334,0.314,0,0.303,0.255,0.5,0.361
0.258,0.362,0.5,0.294,0.264,0.5,0.371
0.417,0.422,0,0.303,0.221,0.5,0.355
0.415,0.214,0.5,0.34,0.428,0,0.328
0.292,0.252,0.5,0.338,0.324,0.5,0.355
0.314,0.315,0.5,0.276,0.284,0.5,0.372
0.396,0.352,0.5,0.32,0.317,0.5,0.351
0.323,0.311,0.5,0.354,0.264,0,0.335
0.365,0.188,0.5,0.221,0.489,0,0.348
0.388,0.454,0,0.192,0.211,0.5,0.385
0.283,0.328,0.5,0.306,0.361,0.5,0.358
0.292,0.301,0.5,0.381,0.401,0,0.321
0.217,0.326,0.5,0.242,0.409,0,0.35
0.328,0.332,0.5,0.357,0.396,0,0.324
0.411,0.278,0,0.418,0.318,0,0.32
0.347,0.453,0,0.352,0.312,0,0.324
0.404,0.344,0,0.385,0.293,0.5,0.335
0.33,0.431,0,0.266,0.36,0,0.337
0.281,0.304,0.5,0.279,0.253,0.5,0.377
0.371,0.374,0,0.346,0.455,0,0.319
0.284,0.333,0.5,0.23,0.206,0.5,0.396
0.388,0.376,0.5,0.392,0.32,0,0.32
0.246,0.243,0.5,0.448,0.307,0,0.319
0.279,0.459,0,0.176,0.347,0.5,0.385
0.217,0.329,0.5,0.408,0.423,0,0.315
0.433,0.472,0,0.332,0.387,0,0.322
0.377,0.412,0,0.418,0.347,0,0.313
0.287,0.374,0.5,0.461,0.371,0,0.307
0.27,0.344,0.5,0.351,0.35,0,0.329
0.48,0.218,0.5,0.419,0.266,0.5,0.335
0.302,0.209,0.5,0.359,0.366,0,0.331
0.441,0.222,0,0.313,0.312,0,0.339
0.36,0.275,0,0.426,0.269,0,0.321
0.289,0.284,0.5,0.468,0.337,0,0.311
0.27,0.372,0.5,0.357,0.347,0,0.327
0.258,0.26,0.5,0.35,0.313,0.5,0.354
0.324,0.279,0.5,0.276,0.389,0.5,0.363
0.321,0.291,0.5,0.452,0.479,0,0.305
0.302,0.418,0,0.3,0.357,0.5,0.35
0.411,0.346,0,0.485,0.356,0,0.306
0.329,0.307,0.5,0.357,0.435,0,0.322
0.426,0.394,0,0.359,0.26,0,0.328
0.374,0.315,0.5,0.296,0.281,0.5,0.363
0.393,0.266,0,0.293,0.39,0,0.336
0.255,0.437,0,0.47,0.516,0,0.294
0.369,0.296,0.5,0.435,0.35,0,0.315
0.371,0.318,0,0.358,0.358,0,0.325
0.344,0.336,0.5,0.308,0.221,0.5,0.366
0.263,0.17,0.5,0.418,0.283,0,0.329
0.415,0.255,0,0.237,0.377,0.5,0.366
0.428,0.318,0,0.248,0.421,0.5,0.356
0.396,0.394,0,0.444,0.249,0.5,0.325
0.392,0.294,0.5,0.409,0.323,0,0.321
0.384,0.354,0,0.354,0.338,0.5,0.339
0.292,0.377,0.5,0.481,0.235,0,0.312
0.459,0.374,0,0.318,0.396,0,0.327
0.37,0.24,0.5,0.23,0.277,0.5,0.386
0.262,0.401,0.5,0.289,0.286,0.5,0.368
0.323,0.397,0,0.402,0.329,0,0.316
0.452,0.24,0,0.338,0.422,0,0.328
0.22,0.357,0.5,0.422,0.465,0,0.308
0.301,0.242,0.5,0.331,0.278,0.5,0.361
0.232,0.302,0.5,0.434,0.338,0.5,0.33
0.281,0.312,0,0.462,0.298,0,0.312
0.41,0.242,0.5,0.473,0.326,0,0.313
0.331,0.257,0.5,0.358,0.392,0,0.327
0.473,0.481,0,0.374,0.471,0,0.311
0.313,0.505,0,0.322,0.259,0.5,0.349
0.274,0.285,0.5,0.355,0.289,0,0.335
0.271,0.308,0,0.333,0.367,0,0.329
0.256,0.324,0.5,0.332,0.387,0,0.331
0.245,0.255,0.5,0.212,0.211,0.5,0.408
0.387,0.328,0,0.278,0.28,0.5,0.362
0.388,0.358,0,0.258,0.27,0.5,0.366
0.288,0.305,0.5,0.3,0.291,0,0.345
0.17,0.312,0.5,0.325,0.407,0,0.334
0.332,0.268,0.5,0.08,0.385,0.5,0.425
0.37,0.341,0,0.275,0.449,0,0.332
0.279,0.335,0.5,0.41,0.334,0,0.319
0.157,0.304,0.5,0.377,0.344,0,0.329
0.394,0.299,0.5,0.361,0.34,0.5,0.341
0.396,0.432,0,0.385,0.196,0.5,0.339
0.363,0.448,0,0.216,0.372,0.5,0.366
0.345,0.457,0,0.352,0.321,0.5,0.338
0.211,0.332,0.5,0.36,0.267,0.5,0.356
0.192,0.228,0.5,0.396,0.279,0.5,0.35
0.212,0.348,0.5,0.413,0.292,0,0.322
0.272,0.269,0.5,0.176,0.427,0.5,0.394
0.201,0.427,0,0.278,0.358,0.5,0.361
0.477,0.347,0,0.307,0.224,0.5,0.355
0.258,0.244,0.5,0.397,0.224,0.5,0.351
0.327,0.158,0.5,0.289,0.454,0.5,0.358
0.224,0.328,0.5,0.293,0.419,0,0.337
0.319,0.482,0,0.383,0.435,0,0.31
0.372,0.364,0,0.261,0.289,0,0.345
0.255,0.312,0.5,0.164,0.456,0,0.364
0.237,0.347,0.5,0.317,0.287,0.5,0.364
0.436,0.286,0,0.26,0.427,0,0.338
0.343,0.284,0.5,0.195,0.313,0.5,0.393
0.38,0.413,0,0.296,0.265,0.5,0.355
0.28,0.417,0.5,0.355,0.374,0,0.323
0.392,0.303,0,0.506,0.349,0,0.305
0.305,0.395,0.5,0.356,0.349,0,0.325
0.308,0.27,0.5,0.226,0.328,0.5,0.385
0.264,0.364,0.5,0.333,0.314,0.5,0.354
0.453,0.297,0,0.314,0.347,0,0.334
0.266,0.354,0,0.294,0.397,0.5,0.353
0.281,0.302,0.5,0.305,0.221,0.5,0.373
0.157,0.313,0.5,0.276,0.413,0,0.345
0.246,0.222,0.5,0.357,0.419,0.5,0.345
0.258,0.374,0,0.316,0.379,0.5,0.348
0.29,0.335,0,0.198,0.355,0.5,0.382
0.348,0.179,0.5,0.431,0.365,0,0.319
0.318,0.39,0,0.331,0.378,0,0.325
0.381,0.229,0.5,0.372,0.365,0,0.327
0.247,0.389,0.5,0.445,0.375,0,0.309
0.391,0.358,0,0.362,0.264,0.5,0.342
0.311,0.339,0.5,0.474,0.446,0,0.302
0.244,0.325,0.5,0.31,0.255,0.5,0.369
0.286,0.346,0,0.375,0.259,0.5,0.344
0.346,0.213,0,0.391,0.349,0,0.324
0.32,0.385,0.5,0.292,0.376,0,0.335
0.426,0.269,0.5,0.244,0.358,0,0.348
0.362,0.433,0,0.301,0.419,0,0.326
0.437,0.319,0,0.267,0.445,0,0.335
0.376,0.334,0,0.382,0.392,0,0.318
0.332,0.334,0,0.246,0.296,0.5,0.371
0.403,0.326,0,0.364,0.226,0.5,0.345
0.348,0.378,0,0.222,0.412,0,0.344
0.395,0.34,0,0.261,0.321,0.5,0.362
0.322,0.321,0,0.354,0.311,0.5,0.344
0.417,0.39,0,0.2,0.29,0.5,0.377
0.302,0.299,0.5,0.395,0.431,0,0.316
0.327,0.325,0.5,0.287,0.292,0.5,0.367
0.323,0.385,0.5,0.235,0.35,0.5,0.374
0.401,0.229,0.5,0.288,0.392,0,0.339
0.246,0.387,0,0.345,0.34,0,0.326
0.28,0.359,0.5,0.309,0.361,0.5,0.356
0.305,0.381,0,0.292,0.484,0,0.326
0.239,0.313,0.5,0.287,0.259,0.5,0.377
0.314,0.168,0.5,0.378,0.277,0.5,0.351
0.248,0.379,0.5,0.135,0.248,0.5,0.425
0.291,0.353,0.5,0.322,0.228,0,0.343
0.312,0.25,0.5,0.402,0.373,0,0.321
0.411,0.394,0,0.395,0.402,0,0.314
0.298,0.473,0,0.376,0.369,0,0.315
0.246,0.314,0.5,0.368,0.307,0.5,0.349
0.299,0.321,0.5,0.393,0.223,0,0.33
0.377,0.377,0,0.284,0.404,0,0.332
0.286,0.209,0.5,0.22,0.223,0.5,0.403
0.308,0.353,0.5,0.379,0.217,0,0.332
0.258,0.429,0.5,0.302,0.419,0,0.33
0.219,0.267,0.5,0.296,0.514,0,0.332
0.392,0.309,0,0.408,0.373,0,0.317
0.3,0.281,0,0.338,0.258,0.5,0.355
0.33,0.362,0.5,0.272,0.288,0.5,0.37
0.321,0.366,0,0.265,0.373,0,0.339
0.363,0.354,0,0.279,0.306,0.5,0.359
0.407,0.517,0,0.329,0.216,0.5,0.346
0.352,0.323,0,0.356,0.33,0,0.327
0.348,0.291,0.5,0.372,0.372,0,0.324
0.295,0.278,0,0.475,0.34,0,0.309
0.406,0.369,0,0.354,0.265,0,0.33
0.421,0.475,0,0.373,0.356,0,0.317
0.398,0.313,0,0.331,0.3,0,0.333
0.254,0.197,0.5,0.319,0.368,0,0.341
0.348,0.291,0.5,0.347,0.308,0,0.333
0.442,0.37,0.5,0.27,0.442,0.5,0.351
0.264,0.338,0.5,0.309,0.334,0,0.339
0.336,0.343,0,0.406,0.38,0,0.315
0.347,0.324,0,0.305,0.407,0,0.33
0.226,0.37,0.5,0.229,0.288,0,0.362
0.269,0.391,0.5,0.208,0.231,0.5,0.399
0.189,0.353,0.5,0.423,0.289,0.5,0.337
0.286,0.186,0.5,0.347,0.369,0,0.334
0.129,0.279,0.5,0.285,0.261,0.5,0.388
0.272,0.399,0,0.406,0.367,0.5,0.327
0.31,0.387,0.5,0.314,0.329,0.5,0.355
0.372,0.29,0.5,0.372,0.31,0.5,0.342
0.213,0.307,0.5,0.382,0.462,0,0.318
0.42,0.293,0.5,0.301,0.348,0,0.337
0.36,0.232,0.5,0.305,0.398,0,0.337
0.406,0.321,0,0.369,0.345,0,0.324
0.436,0.331,0,0.429,0.239,0,0.321
0.396,0.345,0.5,0.214,0.254,0.5,0.387
0.278,0.423,0,0.387,0.451,0,0.31
0.297,0.226,0.5,0.385,0.336,0,0.328
0.315,0.265,0.5,0.288,0.359,0.5,0.364
0.342,0.444,0,0.423,0.308,0.5,0.324
0.345,0.259,0,0.253,0.231,0.5,0.378
0.413,0.478,0,0.14,0.298,0.5,0.39
0.382,0.437,0,0.313,0.378,0,0.327
0.302,0.294,0.5,0.291,0.239,0.5,0.374
0.327,0.283,0.5,0.292,0.293,0.5,0.367
0.218,0.408,0,0.252,0.234,0.5,0.38
0.421,0.333,0,0.285,0.362,0,0.337
0.26,0.315,0.5,0.377,0.237,0.5,0.352
0.365,0.396,0,0.437,0.353,0,0.31
0.305,0.335,0.5,0.417,0.215,0.5,0.34
0.282,0.362,0,0.316,0.248,0.5,0.358
0.347,0.273,0,0.368,0.337,0,0.326
0.35,0.288,0.5,0.407,0.361,0,0.319
0.284,0.425,0,0.392,0.297,0.5,0.334
0.333,0.368,0.5,0.408,0.407,0,0.313
0.318,0.346,0,0.245,0.297,0.5,0.372
0.159,0.366,0.5,0.275,0.386,0.5,0.372
0.186,0.291,0.5,0.264,0.318,0.5,0.383
0.283,0.395,0,0.274,0.223,0.5,0.37
0.406,0.4,0,0.355,0.386,0,0.321
0.386,0.27,0.5,0.25,0.425,0,0.343
0.289,0.352,0,0.286,0.384,0,0.335
0.381,0.361,0,0.417,0.355,0,0.314
0.339,0.313,0.5,0.339,0.202,0.5,0.361
0.268,0.219,0.5,0.299,0.273,0.5,0.374
0.299,0.132,0.5,0.282,0.429,0,0.345
0.359,0.322,0.5,0.283,0.352,0,0.341
0.371,0.34,0,0.467,0.306,0,0.311
0.306,0.376,0.5,0.361,0.46,0,0.317
0.241,0.206,0.5,0.232,0.28,0.5,0.396
0.379,0.258,0.5,0.326,0.411,0.5,0.346
0.529,0.316,0,0.282,0.372,0,0.337
0.3,0.19,0.5,0.329,0.36,0,0.338
0.429,0.331,0,0.347,0.243,0.5,0.347
0.229,0.378,0.5,0.334,0.288,0.5,0.358
0.386,0.294,0,0.231,0.307,0.5,0.373
0.345,0.407,0,0.268,0.244,0.5,0.366
0.333,0.372,0,0.425,0.276,0.5,0.329
0.125,0.318,0.5,0.333,0.407,0,0.334
0.318,0.239,0.5,0.372,0.304,0.5,0.347
0.303,0.294,0.5,0.254,0.453,0,0.342
0.436,0.341,0,0.361,0.406,0,0.321
0.304,0.225,0.5,0.334,0.388,0,0.333
0.385,0.289,0,0.315,0.376,0,0.332
0.295,0.303,0,0.332,0.291,0.5,0.353
0.282,0.326,0,0.285,0.214,0.5,0.371
0.32,0.283,0.5,0.418,0.373,0,0.317
0.363,0.349,0,0.335,0.443,0,0.322
0.336,0.249,0.5,0.246,0.334,0.5,0.377
0.276,0.222,0.5,0.354,0.339,0.5,0.352
0.354,0.371,0,0.489,0.223,0,0.311
0.348,0.399,0,0.43,0.406,0,0.308
0.25,0.326,0.5,0.394,0.293,0,0.326
0.396,0.21,0,0.416,0.373,0,0.319
0.324,0.247,0.5,0.288,0.362,0.5,0.364
0.367,0.323,0,0.364,0.329,0,0.325
0.23,0.404,0.5,0.346,0.284,0.5,0.354
0.311,0.26,0.5,0.293,0.257,0.5,0.372
0.251,0.382,0.5,0.417,0.473,0,0.307
0.323,0.247,0.5,0.398,0.4,0,0.32
0.247,0.451,0,0.248,0.348,0.5,0.367
0.424,0.281,0,0.284,0.384,0,0.337
0.411,0.457,0,0.11,0.329,0.5,0.397
0.262,0.293,0.5,0.208,0.239,0.5,0.403
0.265,0.343,0.5,0.299,0.284,0.5,0.368
0.256,0.319,0.5,0.229,0.315,0.5,0.388
0.344,0.219,0.5,0.384,0.461,0,0.319
0.278,0.294,0.5,0.333,0.215,0.5,0.366
0.473,0.432,0,0.382,0.31,0,0.321
0.247,0.334,0.5,0.336,0.433,0,0.326
0.326,0.324,0,0.38,0.342,0,0.322
0.21,0.343,0.5,0.25,0.378,0,0.351
0.458,0.486,0,0.333,0.322,0,0.325
0.315,0.262,0.5,0.419,0.372,0,0.318
0.354,0.35,0.5,0.367,0.297,0.5,0.343
0.375,0.429,0,0.427,0.511,0,0.302
0.214,0.326,0.5,0.38,0.166,0.5,0.36
0.443,0.303,0,0.418,0.356,0,0.317
0.373,0.348,0,0.252,0.351,0.5,0.362
0.256,0.271,0.5,0.319,0.169,0.5,0.377
0.241,0.266,0.5,0.254,0.353,0.5,0.379
0.195,0.373,0.5,0.248,0.349,0.5,0.381
0.234,0.372,0,0.347,0.334,0.5,0.345
0.333,0.333,0.5,0.274,0.296,0.5,0.37
0.38,0.305,0,0.342,0.257,0.5,0.35
0.442,0.225,0,0.26,0.281,0.5,0.368
0.335,0.444,0,0.302,0.424,0,0.325
0.374,0.337,0,0.294,0.397,0,0.333
0.348,0.427,0,0.381,0.296,0,0.321
0.32,0.199,0.5,0.32,0.215,0.5,0.371
0.344,0.327,0.5,0.505,0.358,0,0.303
0.339,0.361,0,0.298,0.289,0,0.339
0.317,0.281,0.5,0.331,0.354,0.5,0.352
0.238,0.31,0.5,0.35,0.174,0.5,0.367
0.325,0.258,0.5,0.312,0.482,0,0.329
0.338,0.375,0,0.398,0.412,0,0.313
0.333,0.223,0.5,0.266,0.427,0,0.343
0.363,0.329,0,0.387,0.316,0,0.322
0.34,0.273,0.5,0.348,0.286,0.5,0.352
0.322,0.326,0,0.319,0.261,0.5,0.356
0.235,0.293,0.5,0.391,0.375,0,0.322
0.298,0.296,0,0.479,0.225,0.5,0.326
0.409,0.418,0,0.309,0.278,0,0.335
0.311,0.283,0.5,0.386,0.39,0,0.321
0.359,0.432,0,0.331,0.406,0,0.322
0.284,0.297,0.5,0.442,0.303,0,0.317
0.297,0.296,0.5,0.261,0.336,0.5,0.373
0.402,0.445,0,0.433,0.452,0,0.304
0.245,0.257,0.5,0.368,0.437,0,0.323
0.357,0.307,0.5,0.33,0.273,0.5,0.356
0.315,0.405,0,0.496,0.391,0,0.299
0.363,0.239,0.5,0.256,0.321,0.5,0.374
0.306,0.338,0.5,0.385,0.305,0,0.325
0.326,0.364,0.5,0.329,0.319,0,0.333
0.337,0.34,0,0.396,0.417,0,0.314
0.422,0.226,0.5,0.173,0.304,0.5,0.397
0.456,0.412,0,0.373,0.491,0,0.312
0.35,0.297,0.5,0.419,0.38,0,0.315
0.432,0.313,0,0.208,0.34,0.5,0.373
0.247,0.349,0.5,0.338,0.295,0,0.336
0.306,0.397,0.5,0.319,0.279,0.5,0.358
0.119,0.263,0.5,0.249,0.336,0.5,0.393
0.261,0.254,0.5,0.164,0.266,0.5,0.417
0.284,0.379,0.5,0.344,0.296,0,0.332
0.27,0.383,0,0.326,0.427,0,0.323
0.28,0.375,0,0.26,0.288,0,0.347
0.401,0.269,0,0.341,0.351,0,0.33
0.276,0.447,0,0.472,0.297,0.5,0.317
0.333,0.454,0,0.434,0.247,0.5,0.326
0.245,0.461,0,0.461,0.408,0,0.3
0.338,0.401,0,0.418,0.434,0,0.308
0.335,0.315,0.5,0.329,0.342,0,0.333
0.347,0.337,0,0.31,0.257,0.5,0.357
0.293,0.411,0,0.321,0.341,0,0.329
0.295,0.246,0.5,0.26,0.254,0.5,0.384
0.384,0.297,0.5,0.253,0.284,0.5,0.375
0.158,0.288,0.5,0.35,0.29,0,0.34
0.189,0.334,0.5,0.218,0.215,0.5,0.407
0.358,0.26,0.5,0.424,0.337,0.5,0.33
0.199,0.243,0.5,0.299,0.31,0.5,0.374
0.23,0.398,0.5,0.408,0.482,0,0.308
0.274,0.207,0.5,0.258,0.374,0,0.352
0.282,0.448,0,0.438,0.337,0,0.308
0.28,0.322,0.5,0.222,0.282,0.5,0.391
0.351,0.193,0.5,0.247,0.325,0.5,0.379
0.38,0.348,0,0.366,0.294,0.5,0.34
0.374,0.259,0.5,0.296,0.352,0,0.34
0.328,0.312,0.5,0.36,0.358,0,0.327
0.247,0.221,0.5,0.409,0.215,0.5,0.35
0.329,0.359,0,0.186,0.345,0.5,0.383
0.466,0.277,0,0.28,0.346,0.5,0.355
0.407,0.324,0,0.331,0.366,0,0.329
0.373,0.347,0,0.344,0.367,0,0.325
0.258,0.353,0.5,0.178,0.208,0.5,0.415
0.4,0.389,0,0.298,0.341,0.5,0.349
0.3,0.375,0,0.209,0.413,0.5,0.371
0.28,0.35,0,0.385,0.331,0,0.321
0.268,0.351,0,0.287,0.438,0,0.331
0.285,0.26,0.5,0.324,0.386,0.5,0.353
0.469,0.392,0,0.251,0.206,0.5,0.368
0.255,0.235,0.5,0.363,0.323,0.5,0.351
0.267,0.361,0.5,0.366,0.251,0.5,0.351
0.331,0.301,0,0.372,0.52,0,0.313
0.236,0.366,0,0.287,0.363,0.5,0.358
0.315,0.254,0.5,0.288,0.336,0,0.345
0.399,0.53,0,0.326,0.344,0.5,0.337
0.345,0.212,0.5,0.294,0.229,0.5,0.375
0.228,0.356,0.5,0.343,0.352,0,0.331
0.288,0.211,0.5,0.272,0.429,0,0.344
0.296,0.28,0.5,0.255,0.275,0,0.357
0.287,0.444,0,0.287,0.248,0.5,0.362
0.346,0.342,0,0.283,0.219,0.5,0.367
0.264,0.384,0.5,0.405,0.334,0,0.318
0.297,0.415,0.5,0.338,0.43,0,0.322
0.343,0.315,0,0.314,0.319,0.5,0.352
0.345,0.378,0,0.323,0.422,0,0.324
0.329,0.26,0.5,0.254,0.308,0,0.354
0.403,0.39,0,0.335,0.392,0,0.324
0.298,0.366,0.5,0.312,0.309,0,0.338
0.401,0.388,0,0.21,0.349,0.5,0.37
0.305,0.415,0,0.434,0.332,0,0.311
0.314,0.278,0.5,0.275,0.288,0.5,0.374
0.447,0.457,0,0.228,0.321,0.5,0.363
0.236,0.24,0.5,0.279,0.195,0.5,0.389
0.273,0.346,0.5,0.356,0.258,0.5,0.354
0.345,0.299,0.5,0.315,0.466,0,0.327
0.351,0.274,0.5,0.327,0.225,0.5,0.363
0.297,0.3,0.5,0.308,0.313,0,0.341
0.267,0.487,0,0.21,0.214,0.5,0.387
0.197,0.411,0.5,0.28,0.33,0.5,0.371
0.299,0.228,0.5,0.388,0.368,0.5,0.339
0.327,0.31,0.5,0.219,0.375,0,0.354
0.181,0.363,0.5,0.296,0.387,0.5,0.364
0.313,0.381,0,0.282,0.292,0.5,0.361
0.405,0.282,0,0.328,0.233,0,0.34
0.335,0.206,0,0.369,0.382,0,0.326
0.362,0.334,0,0.313,0.285,0.5,0.354
0.294,0.272,0.5,0.463,0.268,0,0.317
0.263,0.257,0.5,0.393,0.358,0,0.324
0.271,0.339,0.5,0.308,0.347,0,0.338
0.169,0.324,0.5,0.359,0.463,0,0.322
0.319,0.315,0.5,0.421,0.381,0,0.315
0.217,0.452,0,0.38,0.259,0,0.323
0.332,0.316,0,0.406,0.35,0,0.318
0.44,0.356,0,0.357,0.279,0.5,0.341
0.327,0.357,0.5,0.348,0.473,0,0.319
0.293,0.35,0,0.124,0.271,0.5,0.412
0.343,0.262,0.5,0.302,0.383,0,0.337
0.315,0.216,0.5,0.28,0.318,0.5,0.372
0.405,0.47,0,0.227,0.308,0.5,0.366
0.199,0.307,0.5,0.223,0.326,0.5,0.394
0.23,0.366,0.5,0.373,0.342,0,0.325
0.355,0.259,0,0.241,0.35,0.5,0.37
0.28,0.27,0.5,0.388,0.312,0,0.327
0.342,0.207,0.5,0.233,0.341,0.5,0.382
0.259,0.43,0,0.23,0.286,0.5,0.377
0.529,0.298,0,0.495,0.331,0,0.311
0.269,0.23,0.5,0.38,0.183,0.5,0.359
0.367,0.477,0,0.433,0.415,0,0.304
0.242,0.345,0.5,0.245,0.312,0.5,0.383
0.308,0.305,0.5,0.387,0.305,0,0.326
0.289,0.438,0.5,0.285,0.429,0.5,0.353
0.476,0.367,0,0.381,0.4,0,0.318
0.306,0.312,0.5,0.265,0.371,0.5,0.368
0.352,0.285,0.5,0.417,0.329,0,0.32
0.432,0.381,0,0.279,0.344,0,0.337
0.261,0.367,0.5,0.304,0.282,0.5,0.366
0.316,0.267,0.5,0.413,0.245,0.5,0.341
0.255,0.387,0.5,0.38,0.333,0,0.323
0.208,0.328,0.5,0.294,0.276,0.5,0.375
0.395,0.249,0.5,0.304,0.347,0.5,0.357
0.495,0.244,0,0.212,0.489,0.5,0.36
0.392,0.329,0,0.402,0.516,0,0.309
0.278,0.31,0.5,0.368,0.338,0,0.328
0.334,0.37,0,0.305,0.349,0.5,0.35
0.404,0.276,0.5,0.369,0.263,0.5,0.346
0.378,0.364,0,0.399,0.318,0,0.319
0.379,0.314,0,0.255,0.437,0.5,0.356
0.356,0.295,0,0.331,0.26,0.5,0.353
0.377,0.245,0.5,0.338,0.31,0.5,0.352
0.27,0.42,0,0.375,0.343,0,0.319
0.244,0.416,0.5,0.286,0.272,0.5,0.371
0.361,0.249,0.5,0.359,0.276,0,0.335
0.17,0.282,0.5,0.289,0.401,0,0.344
0.252,0.362,0.5,0.372,0.338,0,0.325
0.411,0.322,0,0.344,0.362,0,0.327
0.343,0.23,0.5,0.338,0.259,0.5,0.359
0.339,0.34,0,0.365,0.314,0,0.326
0.365,0.439,0,0.284,0.162,0.5,0.367
0.281,0.336,0.5,0.212,0.407,0.5,0.381
0.364,0.328,0.5,0.434,0.32,0,0.316
0.322,0.346,0.5,0.348,0.375,0,0.326
0.437,0.466,0,0.25,0.366,0.5,0.354
0.364,0.322,0.5,0.429,0.242,0,0.322
0.356,0.431,0,0.379,0.291,0.5,0.335
0.396,0.335,0,0.357,0.42,0,0.321
0.252,0.416,0.5,0.351,0.317,0,0.329
0.255,0.395,0,0.395,0.26,0.5,0.338
0.401,0.335,0,0.413,0.38,0,0.315
0.378,0.326,0.5,0.363,0.334,0,0.326
0.161,0.365,0.5,0.278,0.304,0.5,0.379
0.414,0.224,0.5,0.233,0.251,0.5,0.385
0.284,0.374,0.5,0.388,0.393,0,0.317
0.364,0.299,0.5,0.342,0.331,0.5,0.348
0.336,0.279,0.5,0.395,0.337,0.5,0.337
0.293,0.266,0,0.394,0.419,0,0.317
0.336,0.29,0.5,0.385,0.281,0,0.328
0.383,0.316,0,0.279,0.367,0,0.338
0.283,0.25,0.5,0.308,0.277,0.5,0.368
0.407,0.422,0,0.244,0.344,0.5,0.36
0.455,0.329,0,0.36,0.329,0.5,0.338
0.163,0.392,0.5,0.274,0.317,0.5,0.378
0.366,0.372,0,0.241,0.49,0,0.335
0.399,0.471,0,0.325,0.509,0,0.315
0.184,0.416,0,0.223,0.271,0.5,0.387
0.378,0.251,0.5,0.257,0.401,0,0.344
0.296,0.316,0.5,0.417,0.469,0,0.31
0.274,0.436,0,0.387,0.423,0,0.311
0.432,0.499,0,0.234,0.409,0,0.336
0.393,0.35,0,0.314,0.391,0.5,0.343
0.332,0.328,0.5,0.38,0.244,0,0.33
0.38,0.289,0,0.208,0.421,0.5,0.37
0.316,0.334,0.5,0.329,0.319,0.5,0.353
0.391,0.453,0,0.297,0.412,0,0.327
0.229,0.431,0.5,0.363,0.446,0,0.317
0.424,0.363,0,0.285,0.248,0.5,0.36
0.293,0.395,0.5,0.414,0.254,0.5,0.336
0.269,0.393,0,0.295,0.307,0.5,0.358
0.248,0.345,0.5,0.329,0.321,0,0.336
0.237,0.261,0.5,0.309,0.366,0.5,0.362
0.394,0.301,0,0.318,0.222,0.5,0.358
0.314,0.406,0,0.297,0.289,0,0.337
0.332,0.352,0,0.375,0.271,0,0.326
0.382,0.446,0,0.25,0.35,0.5,0.358
0.373,0.456,0,0.301,0.44,0,0.324
0.221,0.51,0.5,0.345,0.394,0,0.321
0.399,0.411,0,0.214,0.194,0.5,0.382
0.377,0.445,0,0.203,0.338,0.5,0.372
0.338,0.25,0.5,0.287,0.341,0.5,0.365
0.256,0.162,0.5,0.33,0.301,0.5,0.365
0.372,0.331,0.5,0.406,0.29,0.5,0.334
0.351,0.373,0,0.253,0.226,0.5,0.373
0.398,0.341,0,0.382,0.242,0.5,0.34
0.269,0.305,0.5,0.316,0.187,0.5,0.373
0.297,0.254,0.5,0.319,0.404,0.5,0.353
0.142,0.331,0.5,0.271,0.416,0,0.346
0.404,0.356,0,0.262,0.285,0.5,0.363
0.397,0.439,0,0.228,0.402,0.5,0.359
0.262,0.293,0.5,0.312,0.436,0,0.332
0.425,0.353,0,0.33,0.425,0,0.324
0.219,0.325,0.5,0.405,0.386,0,0.318
0.295,0.347,0.5,0.307,0.448,0,0.329
0.386,0.273,0,0.361,0.378,0.5,0.337
0.394,0.319,0,0.268,0.207,0.5,0.371
0.322,0.476,0,0.388,0.395,0,0.312
0.368,0.378,0,0.316,0.324,0.5,0.348
0.406,0.263,0.5,0.243,0.343,0,0.35
0.245,0.306,0.5,0.344,0.35,0.5,0.352
0.326,0.389,0,0.398,0.255,0.5,0.336
0.321,0.382,0,0.336,0.337,0,0.327
0.4,0.383,0,0.299,0.401,0,0.329
0.25,0.265,0.5,0.371,0.31,0.5,0.349
0.374,0.419,0,0.192,0.353,0.5,0.375
0.291,0.263,0.5,0.286,0.389,0,0.342
0.332,0.364,0.5,0.32,0.403,0,0.329
0.415,0.412,0,0.306,0.339,0.5,0.346
0.301,0.378,0.5,0.307,0.296,0.5,0.36
0.291,0.497,0,0.307,0.373,0.5,0.345
0.254,0.507,0,0.334,0.401,0.5,0.337
0.306,0.25,0.5,0.175,0.377,0.5,0.397
0.287,0.347,0.5,0.39,0.29,0,0.325
0.341,0.357,0.5,0.299,0.291,0.5,0.362
0.411,0.435,0,0.336,0.242,0.5,0.346
0.285,0.324,0.5,0.415,0.264,0,0.323
0.228,0.408,0,0.273,0.376,0.5,0.36
0.408,0.38,0,0.374,0.251,0.5,0.339
0.265,0.285,0.5,0.321,0.296,0.5,0.362
0.308,0.363,0,0.352,0.349,0,0.325
0.267,0.349,0.5,0.216,0.375,0.5,0.384
0.24,0.286,0.5,0.318,0.328,0.5,0.362
0.358,0.321,0,0.271,0.282,0.5,0.365
0.333,0.298,0.5,0.353,0.347,0.5,0.345
0.249,0.289,0.5,0.241,0.196,0.5,0.398
0.309,0.25,0.5,0.319,0.268,0.5,0.364
0.24,0.221,0.5,0.387,0.238,0.5,0.354
0.275,0.2,0.5,0.32,0.198,0.5,0.375
0.315,0.392,0,0.429,0.427,0,0.307
0.309,0.319,0.5,0.395,0.344,0,0.321
0.417,0.287,0,0.288,0.279,0.5,0.36
0.386,0.349,0,0.31,0.306,0,0.335
0.228,0.438,0.5,0.395,0.38,0,0.315
0.429,0.309,0,0.368,0.307,0,0.327
0.269,0.416,0,0.333,0.316,0.5,0.347
0.372,0.373,0,0.424,0.314,0,0.315
0.334,0.311,0.5,0.357,0.376,0,0.326
0.339,0.384,0,0.448,0.377,0,0.307
0.289,0.239,0.5,0.248,0.223,0.5,0.392
0.42,0.253,0,0.229,0.28,0.5,0.376
0.324,0.451,0,0.415,0.387,0,0.309
0.388,0.312,0,0.321,0.212,0.5,0.357
0.383,0.386,0,0.32,0.283,0,0.334
0.291,0.205,0.5,0.223,0.322,0.5,0.391
0.279,0.323,0.5,0.354,0.201,0,0.34
0.25,0.34,0.5,0.206,0.28,0.5,0.398
0.397,0.301,0,0.283,0.339,0.5,0.356
0.411,0.21,0.5,0.349,0.342,0,0.333
0.335,0.455,0,0.391,0.258,0.5,0.334
0.307,0.314,0.5,0.458,0.356,0,0.31
0.327,0.345,0.5,0.258,0.243,0.5,0.379
0.355,0.231,0.5,0.413,0.372,0,0.32
0.282,0.391,0.5,0.342,0.298,0.5,0.351
0.369,0.205,0.5,0.279,0.374,0.5,0.364
0.405,0.234,0.5,0.395,0.311,0.5,0.338
0.283,0.317,0.5,0.17,0.406,0.5,0.395
0.381,0.361,0,0.452,0.378,0,0.308
0.308,0.297,0.5,0.422,0.228,0,0.326
0.369,0.28,0.5,0.306,0.439,0,0.331
0.358,0.375,0,0.375,0.335,0,0.321
0.285,0.542,0,0.318,0.383,0,0.322
0.434,0.257,0,0.273,0.261,0.5,0.365
0.434,0.272,0,0.392,0.269,0,0.327
0.343,0.379,0.5,0.398,0.316,0,0.32
0.363,0.317,0,0.313,0.227,0.5,0.359
0.401,0.374,0,0.435,0.396,0,0.31
0.318,0.338,0.5,0.302,0.294,0.5,0.363
0.368,0.291,0,0.183,0.16,0.5,0.402
0.309,0.301,0.5,0.334,0.361,0.5,0.35
0.362,0.223,0.5,0.225,0.35,0.5,0.381
0.436,0.307,0,0.358,0.298,0.5,0.341
0.394,0.281,0,0.304,0.357,0.5,0.351
0.288,0.224,0.5,0.355,0.202,0.5,0.363
0.31,0.356,0.5,0.296,0.339,0.5,0.36
0.353,0.317,0.5,0.341,0.304,0.5,0.35
0.373,0.314,0,0.362,0.443,0,0.319
0.303,0.284,0.5,0.32,0.281,0.5,0.362
0.317,0.51,0,0.353,0.326,0.5,0.336
0.299,0.299,0.5,0.159,0.334,0.5,0.406
0.28,0.323,0.5,0.366,0.312,0,0.329
0.289,0.315,0.5,0.43,0.332,0,0.317
0.372,0.312,0.5,0.278,0.283,0.5,0.368
0.254,0.326,0.5,0.451,0.422,0,0.307
0.479,0.505,0,0.355,0.351,0.5,0.33
0.3,0.433,0,0.196,0.388,0.5,0.375
0.359,0.369,0.5,0.324,0.416,0.5,0.343
0.388,0.251,0.5,0.33,0.218,0.5,0.362
0.322,0.383,0,0.287,0.38,0.5,0.352
0.389,0.4,0,0.168,0.271,0.5,0.389
0.349,0.346,0,0.259,0.316,0.5,0.365
0.229,0.357,0.5,0.307,0.34,0,0.339
0.473,0.239,0,0.334,0.38,0,0.331
0.235,0.227,0.5,0.242,0.305,0.5,0.39
0.377,0.32,0.5,0.442,0.385,0,0.311
0.291,0.465,0,0.272,0.358,0,0.335
0.361,0.415,0,0.237,0.304,0.5,0.368
0.355,0.326,0,0.348,0.366,0,0.326
0.342,0.305,0,0.313,0.356,0.5,0.35
0.44,0.388,0,0.198,0.345,0.5,0.372
0.294,0.313,0.5,0.352,0.339,0.5,0.347
0.4,0.224,0.5,0.371,0.294,0.5,0.345
0.377,0.331,0,0.341,0.367,0,0.327
0.378,0.211,0.5,0.317,0.31,0,0.341
0.203,0.399,0,0.351,0.401,0,0.321
0.374,0.281,0,0.348,0.446,0,0.322
0.34,0.278,0.5,0.359,0.292,0.5,0.349
0.333,0.283,0,0.28,0.4,0.5,0.355
0.292,0.347,0.5,0.253,0.421,0.5,0.366
0.316,0.368,0,0.355,0.237,0.5,0.348
0.415,0.413,0,0.418,0.205,0.5,0.332
0.358,0.355,0.5,0.371,0.279,0.5,0.343
0.384,0.385,0,0.348,0.321,0,0.326
0.202,0.449,0.5,0.347,0.361,0,0.326
0.35,0.368,0.5,0.32,0.261,0.5,0.358
0.284,0.346,0.5,0.397,0.442,0,0.314
0.254,0.436,0.5,0.342,0.309,0.5,0.35
0.386,0.233,0,0.351,0.322,0,0.332
0.159,0.122,0.5,0.398,0.249,0,0.34
0.375,0.256,0.5,0.344,0.228,0.5,0.358
0.291,0.199,0.5,0.284,0.462,0.5,0.36
0.424,0.28,0.5,0.291,0.244,0.5,0.366
0.328,0.323,0.5,0.308,0.388,0.5,0.353
0.202,0.326,0.5,0.178,0.342,0.5,0.406
0.271,0.412,0.5,0.351,0.389,0,0.323
0.309,0.21,0.5,0.458,0.395,0,0.312
0.382,0.269,0,0.384,0.326,0.5,0.337
0.22,0.386,0.5,0.264,0.376,0,0.345
0.418,0.306,0,0.316,0.31,0.5,0.35
0.348,0.444,0,0.263,0.306,0.5,0.361
0.33,0.425,0,0.343,0.296,0.5,0.343
0.424,0.299,0,0.403,0.401,0,0.317
0.407,0.29,0,0.315,0.276,0.5,0.354
0.27,0.279,0.5,0.333,0.409,0,0.331
0.364,0.329,0,0.401,0.263,0,0.323
0.314,0.32,0.5,0.3,0.475,0,0.329
0.24,0.409,0,0.381,0.368,0,0.317
0.265,0.378,0,0.317,0.297,0.5,0.354
0.232,0.292,0.5,0.471,0.294,0,0.314
0.304,0.343,0,0.32,0.341,0,0.332
0.331,0.375,0,0.41,0.241,0,0.322
0.426,0.326,0,0.247,0.417,0,0.34
0.327,0.334,0.5,0.32,0.214,0.5,0.365
0.427,0.479,0,0.199,0.287,0.5,0.373
0.287,0.331,0.5,0.279,0.334,0.5,0.368
0.256,0.354,0.5,0.463,0.284,0,0.313
0.454,0.341,0,0.243,0.414,0,0.34
0.387,0.215,0.5,0.401,0.336,0,0.324
0.308,0.433,0,0.295,0.282,0.5,0.357
0.292,0.241,0.5,0.343,0.401,0,0.33
0.331,0.346,0.5,0.327,0.309,0.5,0.353
0.358,0.176,0.5,0.336,0.492,0,0.327
0.469,0.343,0,0.217,0.374,0.5,0.365
0.291,0.485,0,0.209,0.365,0.5,0.372
0.302,0.391,0,0.427,0.279,0.5,0.329
0.365,0.263,0.5,0.385,0.331,0,0.325
0.3,0.319,0.5,0.424,0.276,0.5,0.334
0.302,0.323,0.5,0.32,0.359,0.5,0.353
0.351,0.354,0.5,0.357,0.437,0,0.32
0.276,0.35,0.5,0.35,0.296,0,0.333
0.325,0.276,0,0.312,0.201,0.5,0.365
0.311,0.318,0.5,0.317,0.377,0.5,0.352
0.485,0.463,0,0.337,0.324,0.5,0.337
0.299,0.238,0.5,0.475,0.311,0,0.314
0.323,0.306,0,0.363,0.311,0.5,0.343
0.335,0.403,0,0.291,0.403,0,0.33
0.396,0.329,0,0.329,0.267,0.5,0.35
0.389,0.33,0,0.293,0.203,0.5,0.364
0.342,0.421,0,0.29,0.451,0,0.326
0.365,0.279,0.5,0.296,0.375,0.5,0.357
0.497,0.299,0,0.237,0.359,0.5,0.362
0.211,0.229,0.5,0.52,0.432,0,0.3
0.35,0.359,0.5,0.253,0.382,0.5,0.365
0.28,0.291,0,0.343,0.399,0,0.326
0.316,0.343,0.5,0.296,0.413,0.5,0.354
0.295,0.457,0,0.322,0.311,0.5,0.347
0.432,0.387,0,0.354,0.35,0.5,0.335
0.268,0.196,0.5,0.374,0.337,0,0.332
0.47,0.25,0,0.408,0.362,0,0.321
0.315,0.407,0,0.27,0.262,0.5,0.366
0.396,0.31,0,0.208,0.248,0.5,0.383
0.26,0.261,0.5,0.253,0.305,0.5,0.383
0.388,0.354,0,0.313,0.258,0.5,0.354
0.268,0.391,0.5,0.273,0.308,0.5,0.371
0.433,0.311,0,0.298,0.299,0.5,0.354
0.319,0.236,0,0.348,0.336,0,0.331
0.33,0.391,0.5,0.339,0.267,0.5,0.352
0.464,0.352,0,0.378,0.34,0,0.322
0.254,0.319,0.5,0.529,0.305,0,0.303
0.285,0.252,0.5,0.287,0.316,0.5,0.371
0.339,0.326,0.5,0.196,0.541,0,0.344
0.299,0.289,0,0.367,0.298,0,0.328
0.282,0.401,0,0.429,0.328,0,0.312
0.328,0.304,0.5,0.394,0.33,0,0.323
0.179,0.377,0.5,0.327,0.354,0,0.335
0.232,0.319,0.5,0.362,0.288,0.5,0.353
0.253,0.314,0.5,0.364,0.376,0,0.326
0.356,0.378,0,0.24,0.198,0.5,0.378
0.243,0.393,0,0.349,0.387,0,0.322
0.281,0.343,0.5,0.311,0.35,0,0.336
0.434,0.394,0,0.245,0.261,0.5,0.367
0.349,0.365,0.5,0.286,0.397,0,0.335
0.368,0.356,0,0.292,0.308,0.5,0.356
0.395,0.317,0,0.18,0.351,0.5,0.382
0.315,0.34,0.5,0.413,0.371,0,0.316
0.251,0.368,0.5,0.353,0.443,0,0.321
0.418,0.387,0,0.459,0.323,0,0.31
0.309,0.403,0.5,0.291,0.346,0.5,0.359
0.217,0.289,0.5,0.344,0.338,0.5,0.355
0.377,0.444,0,0.229,0.271,0.5,0.371
0.266,0.317,0.5,0.323,0.314,0,0.338
0.32,0.376,0.5,0.286,0.272,0.5,0.368
0.409,0.255,0.5,0.318,0.393,0.5,0.348
0.243,0.403,0.5,0.301,0.317,0,0.34
0.374,0.315,0.5,0.225,0.397,0.5,0.372
0.289,0.424,0,0.363,0.314,0.5,0.339
0.364,0.264,0.5,0.42,0.342,0,0.319
0.296,0.227,0.5,0.417,0.35,0,0.321
0.301,0.331,0.5,0.231,0.316,0.5,0.383
0.291,0.246,0.5,0.385,0.4,0,0.322
0.252,0.315,0.5,0.303,0.333,0.5,0.364
0.28,0.374,0.5,0.249,0.278,0.5,0.381
0.319,0.352,0.5,0.385,0.413,0.5,0.331
0.275,0.284,0.5,0.368,0.274,0.5,0.351
0.173,0.312,0.5,0.361,0.306,0.5,0.355
0.252,0.371,0.5,0.243,0.266,0.5,0.387
0.337,0.349,0,0.293,0.339,0.5,0.355
0.286,0.106,0.5,0.282,0.313,0.5,0.378
0.32,0.17,0.5,0.34,0.424,0.5,0.348
0.297,0.241,0.5,0.431,0.382,0,0.316
0.328,0.418,0,0.266,0.373,0.5,0.356
0.314,0.229,0.5,0.253,0.288,0.5,0.382
0.256,0.349,0.5,0.357,0.235,0.5,0.356
0.317,0.477,0,0.229,0.467,0.5,0.357
0.344,0.37,0,0.346,0.311,0,0.328
0.363,0.38,0,0.352,0.339,0,0.325
0.412,0.24,0,0.407,0.293,0.5,0.335
0.324,0.411,0,0.296,0.27,0.5,0.358
0.383,0.173,0.5,0.212,0.354,0.5,0.385
0.342,0.342,0,0.317,0.303,0.5,0.352
0.361,0.436,0,0.287,0.354,0.5,0.35
0.392,0.223,0.5,0.309,0.191,0.5,0.371
0.304,0.288,0.5,0.312,0.406,0,0.333
0.323,0.417,0.5,0.455,0.284,0,0.311
0.331,0.327,0.5,0.392,0.215,0.5,0.346
0.263,0.313,0,0.254,0.313,0.5,0.372
0.3,0.331,0.5,0.307,0.276,0.5,0.364
0.443,0.354,0,0.366,0.359,0,0.323
0.333,0.273,0.5,0.353,0.406,0,0.326
0.445,0.25,0,0.174,0.251,0.5,0.392
0.33,0.454,0,0.386,0.36,0,0.315
0.258,0.368,0,0.338,0.363,0,0.326
0.2,0.26,0.5,0.312,0.379,0.5,0.363
0.285,0.269,0.5,0.282,0.286,0.5,0.374
0.264,0.274,0.5,0.453,0.484,0,0.305
0.374,0.298,0.5,0.415,0.196,0.5,0.341
0.438,0.415,0,0.332,0.363,0,0.325
0.297,0.247,0.5,0.423,0.358,0,0.319
0.25,0.325,0.5,0.362,0.435,0,0.322
0.497,0.273,0,0.382,0.308,0.5,0.336
0.313,0.274,0.5,0.309,0.33,0,0.34
0.417,0.428,0,0.384,0.345,0,0.318
0.269,0.396,0,0.416,0.331,0,0.314
0.393,0.388,0,0.352,0.256,0.5,0.344
0.341,0.303,0,0.32,0.302,0,0.336
0.329,0.255,0.5,0.302,0.36,0.5,0.359
0.392,0.287,0.5,0.252,0.301,0.5,0.373
0.368,0.397,0,0.426,0.353,0,0.312
0.183,0.309,0.5,0.389,0.334,0,0.326
0.333,0.428,0,0.384,0.338,0.5,0.331
0.367,0.377,0.5,0.313,0.279,0.5,0.357
0.354,0.275,0.5,0.439,0.395,0,0.312
0.325,0.28,0.5,0.426,0.335,0.5,0.33
0.213,0.339,0.5,0.256,0.238,0.5,0.39
0.27,0.266,0.5,0.253,0.357,0.5,0.377
0.36,0.361,0.5,0.301,0.261,0.5,0.362
0.417,0.344,0,0.457,0.385,0,0.308
0.358,0.283,0.5,0.486,0.399,0,0.305
0.354,0.312,0,0.304,0.233,0.5,0.361
0.37,0.364,0,0.305,0.288,0.5,0.354
0.394,0.343,0,0.235,0.349,0,0.347
0.255,0.276,0.5,0.313,0.238,0.5,0.372
0.267,0.302,0.5,0.256,0.334,0.5,0.377
0.337,0.414,0,0.326,0.322,0,0.329
0.304,0.404,0,0.357,0.303,0.5,0.341
0.267,0.264,0.5,0.272,0.393,0,0.345
0.377,0.327,0.5,0.326,0.289,0.5,0.354
0.35,0.308,0.5,0.388,0.314,0.5,0.338
0.278,0.301,0.5,0.302,0.254,0.5,0.371
0.323,0.321,0.5,0.308,0.389,0,0.334
0.409,0.229,0.5,0.303,0.368,0.5,0.355
0.173,0.321,0.5,0.286,0.3,0.5,0.378
0.464,0.341,0,0.294,0.222,0.5,0.359
0.469,0.307,0,0.274,0.264,0.5,0.362
0.283,0.349,0.5,0.331,0.392,0,0.329
0.271,0.328,0.5,0.34,0.227,0,0.341
0.436,0.308,0,0.42,0.388,0,0.315
0.342,0.352,0,0.328,0.525,0,0.318
0.289,0.37,0.5,0.32,0.309,0.5,0.357
0.339,0.314,0,0.378,0.313,0,0.324
0.453,0.375,0,0.417,0.442,0,0.31
0.319,0.398,0,0.241,0.395,0,0.341
0.254,0.326,0.5,0.235,0.474,0,0.345
0.376,0.353,0,0.354,0.368,0,0.324
0.261,0.275,0.5,0.324,0.399,0,0.334
0.331,0.348,0,0.316,0.228,0.5,0.358
0.263,0.413,0,0.281,0.308,0,0.34
0.37,0.129,0.5,0.286,0.389,0.5,0.364
0.321,0.374,0,0.309,0.394,0,0.329
0.29,0.337,0,0.45,0.315,0,0.312
0.321,0.227,0.5,0.352,0.202,0.5,0.362
0.36,0.36,0,0.431,0.336,0,0.313
0.418,0.198,0.5,0.275,0.377,0.5,0.362
0.203,0.312,0.5,0.387,0.29,0.5,0.348
0.346,0.395,0,0.369,0.433,0,0.315
0.338,0.411,0,0.259,0.348,0.5,0.36
0.388,0.273,0,0.289,0.435,0,0.333
0.42,0.379,0,0.46,0.297,0.5,0.32
0.354,0.308,0.5,0.286,0.308,0,0.344
0.423,0.334,0,0.393,0.314,0,0.322
0.27,0.32,0.5,0.446,0.383,0,0.31
0.266,0.333,0.5,0.316,0.224,0.5,0.369
0.285,0.212,0.5,0.384,0.198,0.5,0.357
0.375,0.355,0.5,0.249,0.331,0,0.347
0.37,0.322,0,0.398,0.357,0,0.318
0.369,0.321,0.5,0.415,0.299,0.5,0.332
0.411,0.466,0,0.282,0.262,0.5,0.356
0.384,0.308,0,0.291,0.327,0.5,0.356
0.43,0.327,0,0.294,0.392,0,0.333
0.23,0.365,0,0.432,0.327,0,0.313
0.415,0.178,0.5,0.302,0.476,0,0.333
0.308,0.39,0,0.262,0.3,0.5,0.366
0.294,0.45,0,0.278,0.376,0,0.333
0.461,0.248,0.5,0.452,0.3,0,0.318
0.311,0.225,0.5,0.386,0.321,0.5,0.343
0.244,0.353,0.5,0.316,0.504,0,0.325
0.187,0.412,0.5,0.346,0.456,0,0.321
0.508,0.446,0,0.367,0.217,0.5,0.339
0.354,0.354,0,0.343,0.342,0,0.327
0.423,0.37,0,0.276,0.33,0.5,0.355
0.416,0.28,0.5,0.39,0.404,0,0.319
0.347,0.231,0.5,0.215,0.306,0.5,0.389
0.31,0.365,0,0.382,0.278,0.5,0.339
0.428,0.139,0.5,0.354,0.322,0.5,0.349
0.422,0.332,0,0.363,0.207,0.5,0.346
0.364,0.284,0.5,0.425,0.342,0,0.317
0.347,0.351,0.5,0.401,0.311,0,0.321
0.345,0.274,0.5,0.265,0.278,0.5,0.375
0.268,0.398,0,0.291,0.362,0,0.334
0.349,0.291,0,0.258,0.447,0,0.338
0.372,0.198,0.5,0.404,0.301,0,0.327
0.342,0.229,0.5,0.306,0.441,0,0.334
0.234,0.253,0.5,0.252,0.307,0.5,0.386
0.358,0.487,0,0.271,0.357,0.5,0.352
0.447,0.284,0,0.329,0.289,0.5,0.349
0.253,0.432,0,0.312,0.313,0.5,0.353
0.305,0.266,0.5,0.352,0.288,0.5,0.353
0.288,0.36,0,0.348,0.333,0.5,0.344
0.382,0.403,0,0.414,0.235,0,0.32
0.363,0.351,0,0.367,0.236,0.5,0.344
0.253,0.339,0.5,0.238,0.172,0.5,0.399
0.266,0.47,0,0.41,0.493,0,0.302
0.322,0.294,0,0.308,0.383,0,0.333
0.399,0.33,0,0.342,0.444,0,0.322
0.193,0.312,0.5,0.492,0.403,0,0.303
0.336,0.33,0,0.281,0.348,0.5,0.357
0.276,0.198,0.5,0.365,0.233,0.5,0.359
0.324,0.347,0,0.311,0.336,0.5,0.351
0.396,0.367,0,0.418,0.316,0,0.316
0.344,0.304,0.5,0.445,0.375,0,0.312
0.369,0.423,0,0.259,0.192,0.5,0.371
0.35,0.275,0.5,0.438,0.252,0,0.322
0.375,0.26,0.5,0.465,0.183,0.5,0.333
0.382,0.358,0.5,0.295,0.413,0.5,0.35
0.346,0.235,0.5,0.329,0.497,0,0.325
0.252,0.252,0.5,0.241,0.297,0.5,0.389
0.327,0.288,0.5,0.309,0.33,0.5,0.359
0.427,0.425,0,0.372,0.389,0,0.317
0.427,0.245,0,0.52,0.434,0,0.302
0.314,0.276,0,0.314,0.37,0,0.334
0.272,0.414,0,0.376,0.402,0,0.315
0.369,0.35,0,0.361,0.221,0.5,0.347
0.281,0.332,0,0.355,0.322,0.5,0.344
0.197,0.197,0.5,0.29,0.339,0.5,0.376
0.421,0.398,0,0.225,0.379,0.5,0.362
0.33,0.346,0,0.447,0.406,0,0.307
0.322,0.185,0.5,0.325,0.333,0.5,0.359
0.233,0.404,0.5,0.389,0.394,0,0.317
0.392,0.36,0,0.265,0.382,0.5,0.355
0.373,0.281,0,0.422,0.33,0,0.318
0.375,0.365,0.5,0.366,0.357,0.5,0.337
0.179,0.294,0.5,0.386,0.321,0,0.329
0.355,0.288,0.5,0.37,0.39,0,0.323
0.341,0.395,0,0.489,0.315,0,0.305
0.196,0.341,0.5,0.375,0.339,0,0.327
0.346,0.391,0,0.398,0.373,0,0.315
0.445,0.226,0,0.312,0.352,0.5,0.35
0.394,0.33,0,0.235,0.276,0.5,0.373
0.344,0.242,0.5,0.282,0.262,0.5,0.374
0.367,0.331,0,0.242,0.41,0,0.342
0.424,0.241,0,0.247,0.434,0.5,0.359
0.339,0.312,0,0.291,0.435,0,0.332
0.479,0.444,0,0.184,0.372,0.5,0.369
0.263,0.379,0.5,0.252,0.361,0.5,0.373
0.182,0.219,0.5,0.32,0.475,0,0.333
0.309,0.323,0,0.348,0.266,0.5,0.349
0.312,0.335,0.5,0.252,0.259,0.5,0.381
0.389,0.373,0,0.337,0.381,0,0.325
0.343,0.193,0.5,0.295,0.226,0.5,0.376
0.296,0.455,0,0.368,0.353,0,0.318
0.423,0.476,0,0.236,0.415,0.5,0.354
0.263,0.351,0.5,0.319,0.478,0,0.325
0.378,0.372,0.5,0.223,0.354,0.5,0.374
0.401,0.251,0.5,0.237,0.312,0.5,0.378
0.379,0.468,0,0.395,0.384,0,0.312
0.253,0.364,0.5,0.234,0.264,0.5,0.39
0.469,0.336,0,0.395,0.235,0.5,0.337
0.392,0.445,0,0.432,0.404,0,0.307
0.311,0.343,0,0.472,0.402,0,0.304
0.366,0.323,0.5,0.39,0.394,0,0.318
0.445,0.357,0,0.355,0.245,0.5,0.344
0.331,0.344,0.5,0.482,0.39,0,0.304
0.33,0.357,0,0.442,0.226,0.5,0.33
0.308,0.292,0,0.365,0.249,0.5,0.348
0.252,0.521,0,0.409,0.397,0,0.306
0.218,0.304,0.5,0.327,0.357,0,0.336
0.272,0.239,0.5,0.311,0.273,0.5,0.369
0.276,0.221,0.5,0.29,0.319,0.5,0.371
0.268,0.344,0.5,0.275,0.417,0.5,0.362
0.312,0.368,0.5,0.414,0.272,0.5,0.335
0.384,0.427,0,0.362,0.242,0.5,0.341
0.406,0.271,0,0.433,0.412,0,0.312
0.37,0.301,0.5,0.456,0.398,0,0.309
0.28,0.264,0.5,0.266,0.368,0.5,0.372
0.33,0.241,0.5,0.417,0.41,0,0.316
0.411,0.277,0,0.277,0.346,0.5,0.358
0.23,0.221,0.5,0.344,0.296,0.5,0.361
0.225,0.428,0,0.298,0.431,0,0.327
0.387,0.394,0,0.27,0.228,0.5,0.365
0.298,0.489,0,0.263,0.374,0.5,0.356
0.377,0.308,0,0.279,0.261,0.5,0.364
0.285,0.163,0.5,0.26,0.26,0.5,0.388
0.2,0.161,0.5,0.364,0.392,0,0.333
0.323,0.565,0,0.305,0.354,0,0.325
0.4,0.277,0,0.441,0.225,0,0.322
0.293,0.372,0.5,0.318,0.23,0.5,0.364
0.31,0.324,0.5,0.432,0.233,0,0.322
0.234,0.436,0.5,0.231,0.259,0.5,0.39
0.342,0.274,0,0.355,0.33,0.5,0.344
0.449,0.475,0,0.281,0.306,0.5,0.351
0.371,0.302,0.5,0.419,0.366,0,0.316
0.285,0.267,0.5,0.424,0.29,0,0.322
0.361,0.274,0.5,0.214,0.383,0.5,0.379
0.351,0.283,0.5,0.328,0.367,0,0.332
0.337,0.284,0.5,0.384,0.391,0,0.321
0.502,0.215,0,0.41,0.434,0,0.318
0.282,0.358,0.5,0.365,0.3,0.5,0.346
0.378,0.307,0,0.31,0.372,0,0.333
0.287,0.259,0.5,0.447,0.356,0,0.314
0.315,0.47,0,0.231,0.339,0.5,0.367
0.292,0.286,0.5,0.246,0.338,0,0.354
0.459,0.227,0.5,0.391,0.217,0.5,0.345
0.306,0.279,0,0.349,0.212,0.5,0.356
0.251,0.334,0.5,0.381,0.404,0,0.32
0.329,0.308,0.5,0.261,0.5,0,0.335
0.257,0.291,0.5,0.366,0.221,0.5,0.357
0.215,0.39,0,0.363,0.241,0.5,0.349
0.233,0.401,0.5,0.363,0.396,0,0.321
0.394,0.303,0,0.364,0.271,0.5,0.343
0.259,0.412,0.5,0.351,0.205,0.5,0.358
0.345,0.233,0.5,0.419,0.348,0,0.32
0.292,0.357,0.5,0.272,0.252,0.5,0.376
0.291,0.202,0.5,0.372,0.274,0.5,0.353
0.346,0.232,0.5,0.331,0.299,0.5,0.357
0.35,0.276,0,0.24,0.421,0,0.344
0.363,0.34,0,0.354,0.442,0,0.319
0.262,0.377,0,0.24,0.362,0.5,0.369
0.393,0.342,0,0.439,0.3,0,0.315
0.343,0.399,0,0.305,0.342,0.5,0.349
0.347,0.212,0.5,0.356,0.228,0.5,0.358
0.325,0.197,0.5,0.342,0.371,0.5,0.35
0.279,0.335,0,0.383,0.405,0,0.317
0.293,0.274,0.5,0.358,0.205,0.5,0.36
0.365,0.335,0.5,0.46,0.379,0,0.308
0.217,0.366,0.5,0.274,0.326,0.5,0.374
0.335,0.362,0,0.31,0.305,0,0.335
0.445,0.405,0,0.261,0.332,0,0.34
0.11,0.302,0.5,0.288,0.371,0.5,0.376
0.381,0.454,0,0.393,0.295,0,0.318
0.254,0.358,0.5,0.307,0.334,0,0.339
0.35,0.413,0,0.303,0.475,0,0.323
0.318,0.414,0.5,0.337,0.258,0.5,0.353
0.309,0.264,0.5,0.375,0.316,0,0.329
0.487,0.23,0,0.329,0.314,0.5,0.348
0.354,0.291,0.5,0.306,0.332,0,0.339
0.412,0.29,0.5,0.211,0.318,0.5,0.382
0.274,0.319,0.5,0.276,0.327,0.5,0.371
0.372,0.254,0.5,0.394,0.239,0,0.331
0.326,0.257,0,0.218,0.352,0.5,0.377
0.336,0.301,0.5,0.335,0.339,0,0.333
0.338,0.411,0,0.384,0.249,0.5,0.338
0.257,0.388,0.5,0.401,0.348,0,0.318
0.177,0.391,0.5,0.359,0.265,0.5,0.356
0.363,0.508,0,0.216,0.328,0.5,0.368
0.222,0.168,0.5,0.302,0.369,0.5,0.369
0.264,0.465,0,0.313,0.433,0,0.322
0.246,0.12,0.5,0.149,0.252,0.5,0.431
0.501,0.284,0,0.265,0.386,0,0.34
0.355,0.328,0,0.246,0.408,0,0.341
0.403,0.412,0,0.279,0.335,0.5,0.353
0.284,0.353,0,0.317,0.347,0.5,0.35
0.221,0.356,0.5,0.326,0.315,0.5,0.36
0.319,0.252,0.5,0.408,0.287,0,0.325
0.218,0.399,0.5,0.233,0.358,0,0.354
0.275,0.313,0.5,0.362,0.381,0,0.325
0.133,0.481,0.5,0.403,0.387,0,0.314
0.43,0.366,0,0.373,0.399,0,0.319
0.353,0.401,0,0.329,0.212,0.5,0.353
0.28,0.304,0,0.38,0.319,0,0.324
0.352,0.456,0,0.175,0.324,0.5,0.382
0.302,0.36,0.5,0.352,0.363,0,0.326
0.427,0.361,0,0.393,0.351,0,0.319
0.267,0.344,0.5,0.256,0.339,0,0.35
0.326,0.419,0.5,0.391,0.373,0,0.316
0.422,0.364,0,0.282,0.363,0,0.336
0.285,0.291,0.5,0.123,0.311,0.5,0.422
0.193,0.261,0.5,0.341,0.315,0.5,0.361
0.299,0.377,0,0.317,0.453,0,0.323
0.323,0.522,0,0.319,0.406,0,0.321
0.417,0.383,0,0.308,0.337,0,0.332
0.343,0.413,0,0.314,0.27,0.5,0.352
0.296,0.443,0,0.34,0.294,0,0.328
0.185,0.267,0.5,0.393,0.27,0.5,0.351
0.361,0.382,0,0.303,0.289,0.5,0.354
0.289,0.331,0.5,0.232,0.384,0.5,0.377
0.376,0.346,0,0.381,0.293,0,0.324
0.279,0.321,0.5,0.416,0.49,0,0.309
0.317,0.307,0.5,0.358,0.379,0,0.326
0.265,0.264,0.5,0.276,0.377,0,0.346
0.217,0.382,0.5,0.254,0.327,0.5,0.379
0.397,0.285,0,0.26,0.255,0.5,0.37
0.323,0.259,0.5,0.246,0.364,0.5,0.375
0.318,0.275,0.5,0.266,0.384,0.5,0.367
0.302,0.432,0,0.264,0.302,0.5,0.364
0.328,0.353,0,0.4,0.397,0,0.314
0.453,0.314,0,0.356,0.397,0,0.324
0.322,0.384,0.5,0.359,0.243,0.5,0.35
0.206,0.365,0.5,0.403,0.309,0.5,0.339
0.343,0.271,0.5,0.305,0.332,0.5,0.36
0.239,0.313,0.5,0.28,0.321,0.5,0.373
0.37,0.357,0.5,0.366,0.388,0,0.321
0.488,0.204,0,0.292,0.388,0.5,0.352
0.295,0.255,0.5,0.306,0.309,0.5,0.365
0.349,0.411,0,0.33,0.332,0.5,0.343
0.396,0.433,0,0.274,0.171,0.5,0.367
0.287,0.27,0.5,0.438,0.21,0,0.325
0.235,0.484,0,0.409,0.223,0.5,0.335
0.351,0.344,0,0.412,0.359,0,0.315
0.298,0.342,0,0.284,0.264,0.5,0.365
0.241,0.396,0.5,0.22,0.358,0.5,0.384
0.435,0.328,0,0.429,0.299,0,0.318
0.281,0.386,0.5,0.343,0.395,0,0.325
0.365,0.401,0,0.268,0.272,0.5,0.363
0.265,0.338,0.5,0.214,0.177,0.5,0.406
0.37,0.398,0,0.345,0.401,0,0.321
0.325,0.368,0,0.358,0.332,0.5,0.339
0.344,0.348,0,0.253,0.345,0.5,0.364
0.258,0.301,0.5,0.392,0.194,0.5,0.352
0.44,0.29,0,0.323,0.269,0.5,0.352
0.336,0.336,0,0.323,0.304,0.5,0.351
0.3,0.299,0.5,0.345,0.411,0,0.327
0.177,0.373,0.5,0.38,0.354,0,0.324
0.273,0.247,0.5,0.392,0.142,0.5,0.359
0.235,0.362,0.5,0.374,0.366,0,0.323
0.356,0.431,0,0.564,0.443,0,0.289
0.333,0.394,0.5,0.319,0.327,0.5,0.352
0.299,0.419,0,0.336,0.332,0,0.327
0.214,0.228,0.5,0.297,0.327,0,0.349
0.348,0.17,0.5,0.36,0.314,0.5,0.351
0.405,0.261,0,0.287,0.38,0,0.338
0.456,0.309,0,0.27,0.346,0.5,0.356
0.322,0.393,0,0.351,0.33,0.5,0.34
0.307,0.213,0.5,0.246,0.367,0.5,0.378
0.172,0.25,0.5,0.465,0.36,0,0.313
0.367,0.232,0.5,0.377,0.265,0.5,0.348
0.325,0.346,0.5,0.324,0.319,0,0.335
0.284,0.36,0,0.375,0.408,0,0.317
0.518,0.345,0,0.244,0.302,0.5,0.362
0.299,0.344,0.5,0.28,0.359,0.5,0.364
0.431,0.248,0,0.414,0.306,0,0.322
0.282,0.263,0.5,0.36,0.304,0,0.333
0.367,0.484,0,0.348,0.241,0,0.328
0.253,0.266,0.5,0.342,0.347,0,0.335
0.396,0.151,0.5,0.379,0.359,0,0.329
0.388,0.209,0.5,0.34,0.348,0,0.334
0.238,0.283,0.5,0.304,0.285,0,0.347
0.399,0.309,0,0.385,0.292,0.5,0.337
0.404,0.413,0,0.271,0.283,0.5,0.359
0.505,0.466,0,0.265,0.358,0.5,0.349
0.446,0.419,0,0.407,0.338,0.5,0.325
0.283,0.309,0.5,0.358,0.27,0.5,0.353
0.279,0.415,0.5,0.417,0.335,0,0.315
0.382,0.396,0,0.216,0.346,0.5,0.37
0.186,0.309,0.5,0.293,0.344,0.5,0.371
0.404,0.484,0,0.28,0.375,0.5,0.347
0.401,0.414,0,0.455,0.308,0,0.31
0.332,0.234,0.5,0.252,0.353,0.5,0.375
0.317,0.493,0,0.386,0.263,0,0.32
0.395,0.399,0.5,0.389,0.412,0,0.314
0.226,0.291,0.5,0.388,0.477,0,0.316
0.244,0.35,0.5,0.305,0.351,0.5,0.361
0.391,0.378,0,0.322,0.331,0.5,0.345
0.294,0.353,0.5,0.408,0.365,0,0.316
0.265,0.39,0,0.29,0.269,0.5,0.363
0.273,0.208,0.5,0.298,0.251,0.5,0.376
0.309,0.354,0.5,0.357,0.349,0.5,0.343
0.222,0.221,0.5,0.32,0.235,0.5,0.375
0.403,0.368,0,0.251,0.33,0.5,0.362
0.265,0.338,0.5,0.269,0.349,0,0.346
0.337,0.366,0,0.406,0.247,0.5,0.335
0.179,0.355,0.5,0.361,0.241,0.5,0.359
0.389,0.33,0,0.399,0.293,0,0.322
0.291,0.324,0.5,0.233,0.268,0.5,0.388
0.36,0.356,0,0.381,0.178,0.5,0.346
0.379,0.29,0.5,0.343,0.383,0,0.328
0.344,0.339,0,0.285,0.227,0.5,0.366
0.393,0.347,0,0.429,0.442,0,0.309
0.425,0.38,0,0.404,0.292,0.5,0.33
0.352,0.443,0,0.325,0.363,0,0.325
0.349,0.323,0.5,0.386,0.35,0,0.322
0.274,0.454,0,0.281,0.445,0,0.328
0.164,0.459,0,0.305,0.425,0,0.326
0.395,0.201,0.5,0.347,0.366,0.5,0.346
0.357,0.381,0,0.33,0.356,0,0.327
0.368,0.356,0,0.339,0.284,0.5,0.346
0.351,0.412,0.5,0.24,0.305,0.5,0.374
0.383,0.388,0,0.376,0.332,0,0.321
0.379,0.383,0,0.425,0.301,0,0.316
0.275,0.33,0.5,0.367,0.245,0,0.334
0.364,0.408,0,0.253,0.291,0.5,0.365
0.274,0.255,0.5,0.191,0.269,0.5,0.406
0.317,0.237,0.5,0.412,0.155,0.5,0.35
0.335,0.322,0.5,0.278,0.234,0.5,0.375
0.286,0.426,0,0.384,0.4,0,0.314
0.229,0.378,0.5,0.261,0.32,0.5,0.377
0.346,0.229,0.5,0.351,0.383,0,0.33
0.354,0.425,0,0.349,0.388,0,0.32
0.47,0.306,0,0.375,0.378,0,0.322
0.41,0.254,0.5,0.35,0.138,0.5,0.363
0.461,0.318,0,0.378,0.251,0.5,0.34
0.399,0.345,0,0.323,0.251,0.5,0.352
