0.3472,0.3416,0.5,0.3472,0.3416,0.5,0.322
0.363,0.183,0.5,0.139,0.493,0,0.367
0.212,0.492,0.5,0.06,0.241,0,0.412
0.104,0.607,0,0.05,0.753,0,0.36
0.399,0.523,0,0.371,0.106,0.5,0.345
0.435,0.373,0.5,0.045,0.599,0,0.369
0.44,0.687,0,0.284,0.069,0,0.343
0.109,0.333,0,0.717,0.445,0.5,0.275
0.385,0.321,0,0.099,0.129,0.5,0.429
0.351,0.252,0.5,0.288,0.191,0.5,0.378
0.398,0.825,0.5,0.378,0.328,0,0.306
0.259,0.624,0.5,0.403,0.095,0,0.327
0.332,0.307,0.5,0.213,0.626,0,0.336
0.309,0.278,0.5,0.578,0.59,0,0.284
0.349,0.397,0.5,0.238,0.332,0,0.349
0.568,0.238,0,0.136,0.306,0,0.372
0.499,0.108,0,0.275,0.361,0.5,0.361
0.576,0.247,0.5,0.078,0.408,0,0.375
0.895,0.526,0,0.171,0.408,0,0.35
0.434,0.414,0.5,0.101,0.134,0.5,0.43
0.343,0.558,0,0.623,0.407,0,0.28
0.148,0.082,0.5,0.314,0.264,0.5,0.386
0.198,0.134,0,0.533,0.292,0.5,0.319
0.209,0.532,0.5,0.018,0.358,0,0.411
0.598,0.284,0,0.296,0.133,0.5,0.364
0.24,0.534,0.5,0.379,0.756,0,0.292
0.374,0.16,0,0.378,0.06,0.5,0.364
0.293,0.216,0,0.577,0.523,0.5,0.294
0.643,0.19,0,0.276,0.444,0.5,0.349
0.267,0.359,0.5,0.292,0.22,0,0.351
0.525,0.341,0.5,0.158,0.313,0.5,0.388
0.328,0.301,0,0.489,0.645,0,0.291
0.505,0.289,0,0.07,0.49,0.5,0.395
0.499,0.397,0.5,0.278,0.026,0.5,0.381
0.019,0.293,0.5,0.311,0.09,0.5,0.409
0.177,0.496,0,0.439,0.28,0,0.31
0.384,0.008,0,0.731,0.275,0.5,0.296
0.211,0.204,0.5,0.335,0.346,0.5,0.361
0.62,0.34,0.5,0.217,0.353,0.5,0.364
0.411,0.538,0,0.302,0.02,0,0.349
0.383,0.187,0,0.464,0.237,0.5,0.331
0.386,0.103,0.5,0.217,0.452,0,0.355
0.437,0.323,0.5,0.189,0.533,0,0.344
0.332,0.406,0,0.429,0.513,0,0.302
0.368,0.692,0,0.192,0.466,0,0.334
0.549,0.106,0,0.337,0.63,0.5,0.33
0.659,0.665,0,0.272,0.4,0,0.326
0.156,0.04,0.5,0.119,0.385,0.5,0.44
0.06,0.462,0,0.28,0.092,0.5,0.397
0.037,0.293,0.5,0.358,0.182,0.5,0.38
0.255,0.335,0.5,0.134,0.384,0,0.378
0.41,0.002,0,0.417,0.545,0.5,0.325
0.152,0.378,0,0.542,0.484,0,0.286
0.448,0.817,0.5,0.091,0.305,0,0.365
0.196,0.6,0.5,0.006,0.341,0,0.415
0.109,0.338,0.5,0.194,0.22,0.5,0.423
0.284,0.359,0,0.23,0.571,0,0.333
0.443,0.294,0,0.382,0.309,0,0.325
0.153,0.279,0.5,0.258,0.174,0,0.374
0.41,0.302,0,0.516,0.182,0.5,0.32
0.061,0.049,0.5,0.099,0.644,0,0.391
0.016,0.302,0.5,0.399,0.303,0.5,0.356
0.533,0.564,0,0.417,0.233,0.5,0.324
0.597,0.353,0,0.658,0.228,0.5,0.3
0.373,0.17,0,0.486,0.3,0.5,0.323
0.773,0.365,0,0.51,0.463,0.5,0.31
0.155,0.092,0.5,0.287,0.33,0.5,0.386
0.263,0.284,0,0.058,0.557,0,0.378
0.399,0.322,0,0.249,0.209,0.5,0.375
0.309,0.056,0.5,0.362,0.167,0.5,0.371
0.674,0.552,0,0.485,0.501,0,0.302
0.339,0.28,0.5,0.093,0.195,0.5,0.441
0.133,0.355,0.5,0.429,0.416,0,0.312
0.39,0.276,0,0.59,0.311,0.5,0.302
0.065,0.48,0,0.524,0.303,0,0.295
0.335,0.762,0.5,0.296,0.12,0,0.339
0.249,0.219,0,0.502,0.199,0.5,0.327
0.27,0.133,0.5,0.02,0.594,0,0.398
0.448,0.149,0,0.18,0.615,0,0.346
0.694,0.295,0,0.775,0.112,0,0.3
0.241,0.449,0.5,0.102,0.596,0,0.363
0.377,0.217,0.5,0.17,0.09,0.5,0.426
0.402,0.708,0.5,0.16,0.309,0,0.354
0.086,0.331,0.5,0.298,0.586,0,0.329
0.388,0.48,0,0.595,0.287,0,0.292
0.41,0.456,0,0.755,0.656,0,0.265
0.435,0.236,0.5,0.189,0.092,0.5,0.413
0.33,0.349,0.5,0.358,0.043,0.5,0.37
0.237,0.397,0.5,0.13,0.109,0.5,0.443
0.241,0.198,0,0.794,0.259,0,0.277
0.439,0.292,0,0.542,0.402,0,0.3
0.562,0.525,0,0.64,0.634,0,0.279
0.223,0.437,0,0.711,0.526,0,0.266
0.168,0.465,0.5,0.249,0.609,0,0.329
0.416,0.201,0,0.285,0.039,0.5,0.386
0.254,0.438,0.5,0.55,0.486,0,0.285
0.531,0.457,0,0.401,0.194,0.5,0.333
0.332,0.304,0,0.507,0.269,0.5,0.317
0.345,0.187,0,0.464,0.523,0.5,0.312
0.156,0.271,0.5,0.531,0.004,0.5,0.341
0.55,0.428,0,0.572,0.689,0,0.285
0.48,0.483,0,0.579,0.348,0,0.294
0.579,0.468,0,0.475,0.373,0,0.307
0.284,0.363,0.5,0.298,0.275,0,0.344
0.365,0.182,0,0.441,0.355,0.5,0.327
0.342,0.303,0,0.477,0.367,0,0.307
0.316,0.222,0,0.552,0.2,0.5,0.317
0.413,0.405,0,0.328,0.195,0.5,0.352
0.141,0.135,0.5,0.382,0.323,0.5,0.357
0.494,0.083,0.5,0.293,0.619,0,0.328
0.084,0.412,0,0.546,0.214,0,0.3
0.622,0.531,0,0.54,0.516,0,0.294
0.316,0.049,0.5,0.111,0.264,0.5,0.44
0.409,0.493,0,0.425,0.249,0,0.315
0.294,0.372,0,0.743,0.423,0,0.272
0.201,0.652,0.5,0.393,0.438,0,0.304
0.331,0.072,0.5,0.364,0.182,0.5,0.367
0.263,0.109,0.5,0.182,0.233,0.5,0.421
0.57,0.481,0,0.408,0.118,0.5,0.335
0.651,0.432,0,0.418,0.273,0.5,0.326
0.283,0.218,0.5,0.376,0.413,0.5,0.34
0.15,0.525,0,0.61,0.209,0,0.287
0.38,0.293,0.5,0.126,0.286,0,0.383
0.476,0.447,0,0.354,0.258,0.5,0.339
0.21,0.354,0,0.619,0.348,0.5,0.293
0.436,0.193,0.5,0.192,0.426,0.5,0.38
0.388,0.536,0.5,0.105,0.416,0,0.366
0.267,0.301,0,0.495,0.246,0,0.31
0.565,0.375,0,0.217,0.39,0.5,0.359
0.427,0.046,0,0.553,0.163,0.5,0.325
0.275,0.11,0,0.204,0.249,0.5,0.402
0.434,0.356,0,0.304,0.168,0.5,0.361
0.186,0.97,0.5,0.302,0.559,0,0.305
0.18,0.312,0.5,0.378,0.044,0.5,0.376
0.099,0.456,0,0.404,0.206,0.5,0.346
0.506,0.612,0,0.563,0.448,0,0.288
0.335,0.237,0,0.195,0.57,0,0.344
0.326,0.804,0.5,0.33,0.349,0,0.315
0.59,0.302,0,0.565,0.177,0.5,0.315
0.689,0.408,0,0.382,0.131,0.5,0.341
0.205,0.401,0,0.498,0.09,0.5,0.331
0.178,0.069,0.5,0.024,0.494,0.5,0.458
0.433,0.224,0,0.522,0.013,0.5,0.334
0.251,0.041,0,0.378,0.317,0.5,0.352
0.013,0.028,0.5,0.494,0.187,0.5,0.353
0.244,0.472,0.5,0.201,0.288,0.5,0.395
0.547,0.36,0.5,0.1,0.385,0,0.369
0.495,0.054,0,0.457,0.402,0.5,0.325
0.132,0.424,0,0.445,0.448,0,0.301
0.246,0.288,0.5,0.562,0.161,0.5,0.316
0.335,0.497,0.5,0.074,0.498,0,0.371
0.246,0.439,0.5,0.355,0.006,0.5,0.376
0.135,0.601,0.5,0.247,0.494,0,0.335
0.301,0.091,0,0.517,0.259,0.5,0.324
0.389,0.057,0.5,0.071,0.224,0.5,0.451
0.645,0.314,0.5,0.064,0.592,0,0.359
0.085,0.407,0.5,0.397,0.208,0.5,0.357
0.249,0.596,0.5,0.282,0.255,0,0.341
0.25,0.359,0,0.623,0.51,0,0.278
0.25,0.239,0,0.734,0.6,0.5,0.27
0.136,0.389,0,0.3,0.288,0,0.342
0.512,0.011,0,0.213,0.397,0.5,0.377
0.492,0.486,0,0.535,0.568,0,0.289
0.186,0.116,0.5,0.288,0.606,0,0.334
0.358,0.254,0.5,0.028,0.255,0,0.418
0.729,0.216,0,0.148,0.347,0.5,0.38
0.157,0.587,0.5,0.011,0.52,0,0.399
0.394,0.449,0,0.495,0.35,0,0.301
0.381,0.758,0.5,0.049,0.145,0,0.399
0.298,0.52,0.5,0.258,0.473,0,0.33
0.565,0.653,0,0.56,0.401,0,0.291
0.357,0.228,0.5,0.069,0.382,0,0.394
0.185,0.195,0.5,0.56,0.509,0,0.291
0.287,0.286,0,0.486,0.42,0,0.302
0.13,0.197,0.5,0.522,0.466,0,0.299
0.392,0.064,0.5,0.415,0.582,0.5,0.321
0.462,0.176,0,0.633,0.418,0.5,0.296
0.473,0.087,0,0.475,0.297,0.5,0.328
0.309,0.111,0,0.495,0.245,0.5,0.328
0.335,0.324,0,0.259,0.407,0,0.339
0.223,0.553,0.5,0.445,0.27,0.5,0.325
0.335,0.053,0.5,0.291,0.062,0.5,0.401
0.204,0.405,0.5,0.61,0.064,0.5,0.31
0.193,0.327,0.5,0.016,0.063,0.5,0.5
0.222,0.493,0.5,0.318,0.491,0,0.32
0.299,0.306,0,0.301,0.089,0.5,0.378
0.253,0.199,0,0.49,0.28,0.5,0.324
0.317,0.42,0.5,0.033,0.636,0,0.374
0.59,0.431,0,0.36,0.462,0.5,0.324
0.114,0.091,0.5,0.117,0.097,0.5,0.478
0.271,0.181,0.5,0.255,0.045,0.5,0.414
0.462,0.421,0,0.704,0.335,0,0.284
0.447,0.44,0,0.541,0.171,0.5,0.312
0.331,0.324,0,0.504,0.099,0.5,0.328
0.443,0.443,0.5,0.287,0.198,0,0.344
0.215,0.503,0.5,0.475,0.324,0,0.303
0.044,0.546,0.5,0.661,0.473,0,0.266
0.463,0.399,0,0.497,0.461,0,0.299
0.554,0.219,0,0.482,0.229,0,0.321
0.461,0.417,0,0.477,0.402,0,0.304
0.253,0.21,0.5,0.009,0.269,0.5,0.476
0.571,0.359,0,0.503,0.641,0,0.296
0.804,0.471,0,0.497,0.304,0,0.317
0.425,0.424,0.5,0.01,0.497,0,0.386
0.603,0.374,0,0.67,0.322,0,0.295
0.328,0.329,0.5,0.438,0.313,0.5,0.327
0.37,0.251,0,0.426,0.421,0.5,0.323
0.198,0.819,0,0.567,0.551,0,0.267
0.614,0.273,0.5,0.074,0.244,0,0.388
0.357,0.34,0.5,0.137,0.277,0.5,0.412
0.309,0.159,0.5,0.047,0.474,0.5,0.433
0.48,0.291,0.5,0.24,0.255,0,0.355
0.747,0.129,0,0.273,0.342,0.5,0.358
0.422,0.342,0,0.634,0.051,0.5,0.309
0.309,0.327,0.5,0.023,0.513,0,0.393
0.254,0.395,0,0.297,0.212,0.5,0.367
0.088,0.591,0.5,0.61,0.646,0,0.263
0.008,0.428,0.5,0.175,0.274,0,0.393
0.425,0.193,0,0.29,0.23,0.5,0.367
0.093,0.468,0.5,0.075,0.244,0.5,0.462
0.731,0.408,0,0.433,0.341,0.5,0.322
0.331,0.226,0.5,0.152,0.421,0.5,0.399
0.176,0.226,0.5,0.004,0.213,0.5,0.493
0.272,0.28,0.5,0.121,0.223,0.5,0.435
0.164,0.357,0.5,0.452,0.176,0.5,0.341
0.593,0.573,0,0.525,0.542,0,0.292
0.468,0.11,0,0.445,0.169,0.5,0.341
0.375,0.299,0.5,0.437,0.086,0.5,0.345
0.171,0.62,0.5,0.079,0.448,0,0.382
0.504,0.318,0.5,0.199,0.158,0.5,0.394
0.336,0.171,0,0.536,0.282,0.5,0.316
0.589,0.102,0,0.306,0.671,0.5,0.332
0.234,0.447,0.5,0.064,0.24,0.5,0.45
0.4,0.236,0.5,0.045,0.562,0,0.38
0.542,0.769,0,0.098,0.534,0,0.343
0.484,0.436,0.5,0.156,0.355,0,0.358
0.398,0.469,0,0.3,0.225,0,0.338
0.019,0.379,0,0.58,0.659,0,0.27
0.345,0.093,0,0.556,0.404,0.5,0.308
0.383,0.258,0,0.538,0.346,0.5,0.308
0.812,0.554,0,0.448,0.343,0,0.318
0.344,0.296,0,0.494,0.164,0.5,0.326
0.041,0.116,0.5,0.146,0.332,0.5,0.445
0.165,0.321,0,0.448,0.382,0.5,0.323
0.122,0.13,0.5,0.486,0.56,0.5,0.312
0.194,0.368,0.5,0.387,0.037,0,0.348
0.619,0.346,0,0.4,0.316,0.5,0.329
0.069,0.615,0.5,0.195,0.567,0,0.346
0.105,0.483,0,0.735,0.811,0,0.248
0.604,0.377,0,0.395,0.022,0.5,0.348
0.159,0.345,0.5,0.379,0.137,0.5,0.366
0,0.874,0,0.579,0.538,0,0.262
0.357,0.398,0,0.489,0.663,0,0.287
0.389,0.449,0,0.545,0.202,0.5,0.309
0.305,0.156,0.5,0.14,0.482,0.5,0.402
0.144,0.315,0.5,0.081,0.412,0.5,0.44
0.545,0.414,0,0.201,0.129,0,0.365
0.383,0.327,0,0.279,0.357,0,0.338
0.017,0.419,0.5,0.181,0.616,0,0.356
0.32,0.39,0.5,0.432,0.042,0.5,0.349
0.146,0.216,0.5,0.221,0.252,0.5,0.412
0.782,0.241,0,0.396,0.13,0.5,0.346
0.201,0.293,0.5,0.038,0.313,0,0.421
0.453,0.155,0,0.088,0.577,0.5,0.391
0.213,0.65,0,0.503,0.492,0,0.283
0.311,0.266,0,0.193,0.516,0.5,0.37
0.362,0.904,0.5,0.425,0.653,0,0.281
0.025,0.329,0.5,0.084,0.45,0,0.407
0.344,0.523,0.5,0.26,0.418,0,0.333
0.336,0.482,0,0.218,0.462,0,0.337
0.132,0.462,0,0.442,0.383,0,0.304
0.207,0.426,0.5,0.279,0.236,0,0.353
0.82,0.132,0,0.342,0.35,0.5,0.346
0.728,0.313,0,0.114,0.448,0,0.362
0.353,0.397,0,0.375,0.063,0,0.339
0.061,0.206,0.5,0.314,0.241,0.5,0.39
0.452,0.444,0,0.374,0.216,0.5,0.338
0.295,0.073,0,0.296,0.801,0,0.316
0.367,0.499,0.5,0.342,0.276,0.5,0.345
0.327,0.293,0,0.523,0.536,0,0.292
0.182,0.442,0,0.533,0.222,0.5,0.313
0.557,0.198,0,0.403,0.181,0.5,0.343
0.415,0.078,0,0.357,0.341,0.5,0.348
0.273,0.478,0,0.531,0.329,0,0.295
0.402,0.683,0.5,0.136,0.078,0.5,0.416
0.382,0.256,0.5,0.077,0.831,0,0.35
0.545,0.108,0,0.749,0.325,0.5,0.293
0.02,0.27,0.5,0.426,0.471,0,0.315
0.354,0.108,0.5,0.066,0.183,0.5,0.459
0.342,0.163,0,0.466,0.439,0,0.309
0.491,0.599,0,0.12,0.372,0,0.357
0.493,0.397,0,0.338,0.179,0.5,0.349
0.372,0.223,0,0.485,0.265,0.5,0.324
0.306,0.43,0.5,0.015,0.296,0,0.414
0.386,0.466,0,0.641,0.245,0,0.29
0.144,0.001,0.5,0.255,0.44,0.5,0.39
0.47,0.224,0,0.365,0.336,0,0.329
0.262,0.363,0.5,0.259,0.407,0.5,0.367
0.013,0.22,0.5,0.375,0.266,0.5,0.371
0.59,0.184,0,0.55,0.423,0,0.307
0.346,0.469,0.5,0.149,0.345,0.5,0.397
0.183,0.607,0.5,0.381,0.291,0,0.319
0.674,0.204,0.5,0.171,0.403,0,0.356
0.096,0.037,0.5,0.204,0.327,0.5,0.423
0.075,0.268,0.5,0.556,0.203,0.5,0.321
0.525,0.115,0,0.602,0.453,0,0.3
0.235,0.389,0,0.334,0.026,0.5,0.376
0.229,0.542,0,0.735,0.51,0,0.262
0.428,0.417,0,0.271,0.387,0.5,0.35
0.092,0.462,0.5,0.027,0.528,0,0.404
0.326,0.263,0,0.333,0.126,0.5,0.367
0.216,0.548,0,0.425,0.403,0,0.302
0.716,0.131,0,0.191,0.225,0,0.37
0.091,0.621,0.5,0.427,0.218,0,0.317
0.001,0.051,0.5,0.503,0.207,0.5,0.348
0.191,0.353,0.5,0.472,0.153,0.5,0.337
0.398,0.745,0,0.244,0.289,0,0.333
0.295,0.417,0.5,0.027,0.559,0,0.385
0.103,0.115,0.5,0.156,0.334,0.5,0.435
0.418,0.169,0.5,0.318,0.209,0.5,0.368
0.15,0.403,0.5,0.586,0.358,0,0.288
0.563,0.147,0,0.31,0.308,0,0.344
0.245,0.114,0.5,0.377,0.225,0.5,0.363
0.495,0.481,0,0.293,0.411,0.5,0.339
0.174,0.388,0.5,0.258,0.699,0,0.323
0.235,0.313,0.5,0.331,0.238,0.5,0.366
0.338,0.35,0,0.454,0.704,0,0.291
0.146,0.19,0.5,0.076,0.47,0.5,0.44
0.541,0.883,0,0.054,0.008,0,0.389
0.521,0.362,0,0.367,0.502,0,0.316
0.129,0.411,0,0.463,0.128,0.5,0.338
0.037,0.587,0,0.704,0.113,0,0.278
0.093,0.284,0.5,0.138,0.533,0,0.377
0.214,0.379,0.5,0.398,0.269,0.5,0.343
0.23,0.391,0.5,0.292,0.577,0,0.323
0.611,0.338,0,0.648,0.407,0,0.295
0.23,1.01,0.5,0.267,0.225,0,0.333
0.435,0.236,0,0.786,0.842,0,0.264
0.376,0.543,0.5,0.14,0.532,0,0.348
0.208,0.217,0,0.228,0.334,0.5,0.386
0.073,0.125,0.5,0.53,0.594,0,0.293
0.449,0.235,0,0.323,0.465,0.5,0.339
0.011,0.255,0.5,0.112,0.285,0,0.421
0.635,0.428,0.5,0.094,0.035,0.5,0.424
0.015,0.367,0.5,0.251,0.265,0.5,0.406
0.174,0.281,0.5,0.211,0.455,0.5,0.388
0.301,0.19,0,0.472,0.27,0.5,0.328
0.219,0.205,0,0.637,0.535,0.5,0.285
0.37,0.398,0,0.175,0.426,0,0.352
0.307,0.206,0,0.782,0.443,0.5,0.274
0.065,0.539,0.5,0.21,0.525,0,0.348
0.033,0.065,0.5,0.569,0.19,0.5,0.33
0.406,0.498,0.5,0.249,0.091,0.5,0.385
0.222,0.993,0.5,0.266,0.071,0,0.347
0.454,0.302,0,0.559,0.292,0,0.303
0.52,0.428,0,0.084,0.572,0,0.356
0.006,0.084,0.5,0.469,0.31,0.5,0.345
0.384,0.18,0.5,0.195,0.212,0.5,0.405
0.235,0.314,0.5,0.237,0.392,0.5,0.379
0.318,0.504,0.5,0.159,0.088,0.5,0.422
0.457,0.354,0,0.254,0.417,0,0.337
0.401,0.168,0,0.313,0.261,0,0.345
0.176,0.67,0.5,0.356,0.176,0,0.331
0.266,0.485,0.5,0.088,0.71,0,0.354
0.486,0.391,0,0.163,0.843,0,0.325
0.018,0.409,0,0.4,0.422,0.5,0.335
0.016,0.449,0,0.388,0.55,0,0.304
0.368,0.648,0,0.328,0.456,0,0.312
0.455,0.391,0,0.552,0.546,0,0.29
0.302,0.237,0,0.401,0.336,0,0.322
0.308,0.06,0.5,0.327,0.121,0.5,0.386
0.694,0.524,0,0.245,0.198,0,0.348
0.433,0.178,0.5,0.117,0.228,0.5,0.424
0.532,0.019,0,0.634,0.065,0.5,0.321
0.098,0.495,0.5,0.261,0.008,0,0.384
0.21,0.367,0.5,0.301,0.253,0,0.348
0.29,0.576,0,0.254,0.364,0,0.334
0.244,0.035,0.5,0.451,0.318,0.5,0.339
0.4,0.7,0,0.37,0.393,0,0.307
0.519,0.603,0.5,0.242,0.221,0,0.343
0.834,0.432,0,0.115,0.189,0.5,0.388
0.375,0.267,0,0.369,0.235,0,0.333
0.361,0.319,0.5,0.326,0.692,0,0.31
0.13,0.567,0.5,0.137,0.21,0,0.395
0.364,0.493,0.5,0.484,0.644,0,0.285
0.454,0.237,0,0.34,0.172,0,0.343
0.211,0.206,0.5,0.554,0.269,0.5,0.314
0.185,0.322,0,0.489,0.414,0,0.3
0.449,0.183,0.5,0.024,0.27,0.5,0.45
0.542,0.305,0,0.235,0.519,0.5,0.349
0.564,0.451,0,0.365,0.376,0,0.321
0.401,0.606,0.5,0.18,0.607,0,0.331
0.018,0.664,0.5,0.414,0.038,0,0.337
0.306,0.032,0.5,0.251,0.075,0.5,0.416
0.683,0.233,0,0.016,0.205,0.5,0.429
0.029,0.763,0.5,0.257,0.2,0,0.359
0.499,0.487,0,0.424,0.469,0,0.305
0.524,0.4,0,0.592,0.167,0,0.305
0.341,0.101,0,0.579,0.512,0.5,0.298
0.215,0.284,0,0.486,0.549,0.5,0.304
0.445,0.291,0.5,0.148,0.645,0,0.345
0.292,0.505,0.5,0.221,0.192,0.5,0.392
0.143,0.262,0.5,0.311,0.206,0.5,0.385
0.39,0.28,0,0.914,0.315,0,0.27
0.42,0.521,0,0.565,0.37,0.5,0.295
0.424,0.152,0.5,0.036,0.388,0.5,0.436
0.167,0.562,0.5,0.225,0.27,0.5,0.392
0.421,0.484,0,0.587,0.494,0,0.284
0.356,0.287,0.5,0.208,0.262,0.5,0.393
0.489,0.604,0.5,0.265,0.17,0.5,0.364
0.228,0.419,0.5,0.256,0.363,0,0.346
0.449,0.533,0,0.765,0.309,0,0.277
0.427,0.154,0,0.4,0.495,0.5,0.326
0.003,0.333,0.5,0.156,0.259,0.5,0.445
0.394,0.691,0,0.267,0.236,0,0.335
0.369,0.257,0,0.792,0.233,0.5,0.283
0.265,0.798,0,0.393,0.087,0,0.319
0.17,0.146,0.5,0.156,0.147,0.5,0.448
0.317,0.132,0.5,0.272,0.277,0,0.359
0.184,0.11,0.5,0.28,0.376,0.5,0.38
0.01,0.024,0,0.703,0.211,0.5,0.302
0.13,0.423,0.5,0.248,0.101,0.5,0.412
0.561,0.057,0.5,0.071,0.18,0.5,0.439
0.341,0.852,0.5,0.12,0.534,0,0.344
0.144,0.61,0.5,0.048,0.298,0,0.411
0.246,0.372,0,0.532,0.027,0.5,0.329
0.719,0.333,0,0.179,0.603,0,0.341
0.145,0.555,0.5,0.478,0.096,0.5,0.335
0.623,0.261,0,0.202,0.255,0.5,0.376
0.106,0.15,0.5,0.114,0.478,0.5,0.431
0.014,0.434,0.5,0.178,0.261,0.5,0.431
0.233,0.089,0.5,0.383,0.493,0.5,0.338
0.334,0.188,0,0.181,0.535,0,0.351
0.554,0.388,0,0.393,0.296,0,0.323
0.444,0.539,0.5,0.117,0.317,0,0.368
0.309,0.303,0.5,0.055,0.1,0.5,0.468
0.753,0.457,0,0.452,0.341,0,0.318
0.295,0.062,0.5,0.133,0.458,0.5,0.412
0.117,0.301,0.5,0.313,0.523,0.5,0.353
0.313,0.236,0,0.691,0.382,0,0.283
0.622,0.183,0,0.723,0.335,0,0.296
0.17,0.516,0.5,0.258,0.611,0,0.325
0.229,0.37,0,0.558,0.16,0.5,0.314
0.345,0.415,0,0.499,0.508,0,0.293
0.19,0.367,0,0.607,0.287,0.5,0.298
0.338,0.433,0,0.52,0.534,0,0.288
0.514,0.459,0,0.258,0.225,0.5,0.36
0.029,0.44,0.5,0.183,0.006,0.5,0.458
0.63,0.583,0.5,0.078,0.171,0,0.379
0.741,0.319,0,0.502,0.555,0,0.308
0.473,0.55,0,0.645,0.057,0.5,0.301
0.44,0.545,0,0.282,0.395,0,0.327
0.517,0.313,0.5,0.113,0.47,0,0.362
0.098,0.209,0.5,0.495,0.439,0.5,0.317
0.086,0.184,0.5,0.325,0.452,0,0.34
0.301,0.095,0.5,0.368,0.429,0.5,0.344
0.182,0.682,0.5,0.239,0.411,0,0.339
0.295,0.021,0,0.387,0.454,0.5,0.338
0.703,0.018,0,0.487,0.257,0.5,0.333
0.436,0.214,0,0.387,0.558,0.5,0.322
0.3,0.383,0.5,0.248,0.485,0.5,0.36
0.427,0.299,0,0.179,0.31,0.5,0.385
0.493,0.019,0,0.742,0.165,0.5,0.302
0.606,0.072,0,0.021,0.446,0.5,0.417
0.238,0.194,0.5,0.429,0.415,0.5,0.33
0.243,0.072,0,0.372,0.569,0,0.318
0.129,0.363,0.5,0.156,0.178,0.5,0.439
0.126,0.586,0.5,0.049,0.285,0,0.415
0.612,0.36,0,0.262,0.482,0.5,0.343
0.076,0.057,0.5,0.243,0.081,0.5,0.44
0.311,0.209,0.5,0.432,0.324,0.5,0.333
0.003,0.462,0.5,0.127,0.068,0.5,0.474
0.19,0.21,0.5,0.377,0.275,0,0.337
0.248,0.525,0.5,0.028,0.398,0.5,0.441
0.64,0.617,0,0.306,0.417,0,0.322
0.239,0.036,0.5,0.192,0.251,0.5,0.421
0.132,0.251,0.5,0.194,0.318,0,0.381
0.342,0.389,0.5,0.082,0.292,0,0.393
0.415,0.502,0,0.245,0.261,0,0.344
0.321,0.197,0.5,0.377,0.067,0.5,0.369
0.222,0.4,0.5,0.175,0.299,0,0.374
0.566,0.658,0.5,0.149,0.473,0,0.34
0.26,0.278,0.5,0.19,0.202,0.5,0.414
0.058,0.472,0,0.737,0.381,0.5,0.271
0.309,0.364,0,0.245,0.611,0,0.326
0.29,0.284,0.5,0.047,0.532,0,0.388
0.128,0.289,0.5,0.004,0.432,0,0.427
0.187,0.333,0,0.689,0.18,0.5,0.294
0.33,0.32,0,0.542,1.009,0,0.269
0.306,0.419,0.5,0.568,0.319,0.5,0.299
0.161,0.3,0.5,0.669,0.296,0.5,0.288
0.08,0.194,0,0.547,0.493,0,0.291
0.069,0.222,0.5,0.25,0.113,0.5,0.426
0.112,0.378,0.5,0.616,0.229,0,0.292
0.498,0.413,0,0.163,0.212,0,0.367
0.362,0.09,0,0.31,0.033,0.5,0.388
0.744,0.07,0,0.742,0.253,0.5,0.305
0.17,0.695,0.5,0.277,0.464,0,0.326
0.176,0.319,0.5,0.258,0.037,0.5,0.416
0.454,0.554,0.5,0.299,0.388,0,0.324
0.089,0.095,0.5,0.331,0.673,0.5,0.344
0.401,0.04,0,0.364,0.435,0.5,0.341
0.72,0.017,0,0.264,0.26,0.5,0.37
0.323,0.264,0,0.394,0.187,0.5,0.347
0.463,0.355,0,0.392,0.456,0,0.314
0.667,0.299,0,0.179,0.026,0.5,0.397
0.367,0.317,0,0.313,0.379,0.5,0.347
0.507,0.31,0,0.197,0.397,0.5,0.368
0.374,0.788,0.5,0.297,0.182,0,0.332
0.343,0.01,0.5,0.225,0.202,0.5,0.408
0.339,0.259,0,0.366,0.017,0.5,0.368
0.29,0.572,0,0.497,0.293,0,0.298
0.323,0.185,0.5,0.305,0.459,0.5,0.353
0.541,0.166,0,0.254,0.479,0,0.341
0.244,0.457,0.5,0.378,0.006,0.5,0.369
0.25,0.557,0.5,0.165,0.152,0,0.383
0.567,0.157,0,0.319,0.209,0.5,0.359
0.21,0.077,0.5,0.173,0.294,0.5,0.424
0.525,0.092,0.5,0.217,0.438,0.5,0.371
0.387,0.41,0.5,0.019,0.209,0,0.416
0.498,0.352,0,0.36,0.393,0.5,0.332
0.732,0.289,0,0.326,0.29,0,0.34
0.007,0.199,0.5,0.096,0.761,0,0.378
0.66,0.231,0,0.201,0.549,0,0.344
0.488,0.461,0.5,0.189,0.349,0,0.35
0.445,0.22,0,0.202,0.16,0.5,0.394
0.454,0.155,0.5,0.231,0.233,0.5,0.388
0.128,0.018,0,0.35,0.333,0.5,0.365
0.505,0.647,0.5,0.232,0.587,0,0.319
0.191,0.392,0,0.664,0.399,0,0.277
0.878,0.225,0,0.654,0.265,0.5,0.313
0.341,0.443,0,0.499,0.28,0,0.304
0.249,0.203,0.5,0.09,0.152,0.5,0.461
0.547,0.637,0,0.211,0.099,0,0.356
0.203,0.341,0.5,0.163,0.599,0.5,0.384
0.328,0.278,0,0.364,0.302,0.5,0.344
0.369,0.308,0,0.33,0.682,0,0.31
0.403,0.562,0.5,0.027,0.464,0,0.38
0.464,0.492,0,0.231,0.44,0,0.335
0.352,0.35,0.5,0.174,0.439,0.5,0.383
0.499,0.031,0,0.413,0.113,0.5,0.354
0.321,0.298,0.5,0.157,0.479,0.5,0.389
0.479,0.75,0,0.584,0.182,0,0.292
0.214,0.408,0,0.505,0.479,0,0.291
0.007,0.166,0.5,0.19,0.052,0.5,0.465
0.101,0.542,0,0.597,0.285,0,0.284
0.328,0.103,0,0.764,0.565,0.5,0.274
0.086,0.316,0.5,0.692,0.467,0,0.271
0.335,0.187,0.5,0.181,0.262,0.5,0.408
0.576,0.234,0,0.13,0.276,0.5,0.396
0.184,0.31,0.5,0.213,0.342,0.5,0.397
0.178,0.052,0.5,0.022,0.597,0.5,0.447
0.043,0.641,0.5,0.296,0.11,0.5,0.394
0.583,0.163,0.5,0.162,0.333,0.5,0.389
0.472,0.346,0.5,0.148,0.605,0,0.345
0.455,0.549,0,0.209,0.024,0,0.368
0.445,0.398,0.5,0.147,0.543,0,0.348
0.014,0.501,0.5,0.283,0.152,0,0.369
0.307,0.276,0.5,0.238,0.736,0,0.325
0.267,0.143,0.5,0.293,0.373,0,0.348
0.271,0.296,0,0.629,0.363,0.5,0.293
0.367,0.114,0.5,0.248,0.322,0.5,0.382
0.193,0.55,0.5,0.369,0.637,0,0.3
0.02,0.442,0.5,0.524,0.153,0,0.312
0.229,0.627,0.5,0.299,0.489,0,0.319
0.3,0.496,0.5,0.438,0.314,0.5,0.322
0.559,0.284,0,0.036,0.732,0,0.36
0.043,0.526,0,0.505,0.126,0.5,0.328
0.318,0.224,0.5,0.349,0.256,0.5,0.358
0.032,0.45,0.5,0.038,0.604,0,0.399
0.136,0.113,0.5,0.26,0.508,0.5,0.377
0.063,0.205,0.5,0.125,0.506,0,0.39
0.276,0.052,0.5,0.483,0.415,0.5,0.322
0.478,0.23,0,0.435,0.61,0,0.305
0.122,0.153,0.5,0.111,0.559,0.5,0.421
0.601,0.012,0,0.486,0.143,0.5,0.339
0.231,0.785,0,0.261,0.468,0,0.319
0.397,0.348,0,0.344,0.673,0,0.308
0.629,0.127,0,0.021,0.485,0.5,0.41
0.516,0.541,0,0.6,0.358,0,0.291
0.48,0.451,0,0.596,0.272,0,0.297
0.392,0.695,0.5,0.359,0.349,0,0.312
0.271,0.765,0,0.518,0.092,0,0.3
0.311,0.415,0,0.269,0.147,0.5,0.376
0.678,0.281,0.5,0.172,0.205,0.5,0.388
0.616,0.676,0,0.506,0.466,0,0.295
0.207,0.207,0,0.365,0.202,0.5,0.361
0.64,0.059,0,0.563,0.662,0,0.302
0.594,0.295,0,0.37,0.212,0.5,0.343
0.409,0.255,0,0.271,0.454,0,0.336
0.239,0.145,0,0.152,0.494,0.5,0.394
0.134,0.259,0.5,0.294,0.162,0.5,0.396
0.068,0.387,0.5,0.385,0.364,0,0.325
0.288,0.338,0,0.564,0.49,0,0.287
0.392,0.044,0,0.592,0.647,0,0.29
0.485,0.489,0.5,0.329,0.532,0,0.313
0.222,0.424,0.5,0.007,0.388,0,0.415
0.226,0.195,0,0.313,0.5,0,0.329
0.316,0.469,0.5,0.369,0.25,0,0.327
0.067,0.263,0.5,0.209,0.042,0.5,0.448
0.236,0.395,0.5,0.18,0.114,0.5,0.425
0.295,0.544,0,0.761,0.4,0,0.267
0.316,0.387,0.5,0.131,0.491,0,0.363
0.109,0.487,0,0.695,0.125,0.5,0.291
0.344,0.662,0,0.571,0.383,0,0.283
0.156,0.051,0.5,0.048,0.359,0.5,0.468
0.232,0.387,0.5,0.055,0.435,0.5,0.434
0.351,0.241,0,0.175,0.479,0.5,0.377
0.21,0.302,0.5,0.358,0.209,0.5,0.363
0.09,0.01,0,0.828,0.233,0.5,0.283
0.094,0.207,0.5,0.321,0.119,0.5,0.398
0.057,0.53,0.5,0.438,0.008,0.5,0.362
0.461,0.7,0,0.412,0.373,0,0.304
0.254,0.341,0.5,0.23,0.105,0.5,0.409
0.383,0.369,0,0.523,0.243,0.5,0.313
0.292,0.437,0.5,0.329,0.002,0.5,0.381
0.448,0.724,0,0.347,0.265,0,0.318
0.609,0.216,0,0.428,0.253,0,0.328
0.355,0.396,0,0.645,0.217,0,0.292
0.191,0.567,0.5,0.027,0.255,0.5,0.463
0.37,0.433,0,0.441,0.348,0,0.309
0.349,0.083,0.5,0.295,0.341,0.5,0.369
0.678,0.03,0,0.271,0.107,0.5,0.381
0.266,0.433,0,0.498,0.028,0.5,0.332
0.231,0.165,0,0.512,0.669,0.5,0.296
0.25,0.21,0,0.544,0.003,0.5,0.334
0.346,0.007,0,0.695,0.468,0.5,0.289
0.471,0.071,0.5,0.138,0.27,0.5,0.415
0.319,0.336,0,0.36,0.35,0,0.324
0.063,0.421,0.5,0.286,0.556,0,0.331
0.287,0.179,0.5,0.072,0.138,0.5,0.466
0.46,0.68,0.5,0.132,0.352,0,0.355
0.384,0.323,0.5,0.325,0.192,0,0.344
0.485,0.323,0.5,0.165,0.31,0.5,0.39
0.358,0.426,0.5,0.167,0.205,0,0.375
0.257,0.679,0,0.607,0.376,0,0.277
0.582,0.132,0,0.411,0.288,0.5,0.337
0.493,0.286,0,0.079,0.778,0,0.349
0.646,0.453,0,0.459,0.425,0,0.31
0.452,0.226,0,0.38,0.514,0,0.317
0.44,0.398,0.5,0.3,0.522,0,0.321
0.123,0.33,0.5,0.286,0.223,0.5,0.39
0.254,0.597,0.5,0.197,0.736,0,0.324
0.342,0.352,0.5,0.475,0.682,0,0.289
0.434,0.123,0.5,0.077,0.272,0.5,0.435
0.022,0.672,0.5,0.371,0.423,0,0.314
0.392,0.467,0.5,0.149,0.192,0.5,0.408
0.246,0.36,0.5,0.533,0.036,0.5,0.33
0.069,0.58,0.5,0.548,0.11,0,0.304
0.447,0.398,0,0.116,0.37,0.5,0.391
0.245,0.196,0,0.359,0.422,0.5,0.342
0.891,0.214,0,0.604,0.306,0.5,0.316
0.291,0.232,0.5,0.102,0.48,0.5,0.413
0.013,0.14,0.5,0.421,0.065,0.5,0.382
0.14,0.144,0.5,0.154,0.136,0.5,0.454
0.278,0.194,0,0.332,0.176,0.5,0.368
0.205,0.575,0.5,0.151,0.184,0,0.386
0.352,0.646,0,0.392,0.342,0,0.308
0.407,0.228,0,0.201,0.361,0.5,0.378
0.157,0.382,0.5,0.147,0.202,0,0.399
0.55,0.053,0,0.436,0.192,0.5,0.342
0.362,0.127,0.5,0.425,0.547,0,0.311
0.441,0.409,0.5,0.263,0.281,0.5,0.365
0.383,0.222,0,0.479,0.16,0.5,0.332
0.215,0.238,0.5,0.504,0.518,0,0.297
0.52,0.232,0,0.385,0.592,0.5,0.319
0.263,0.458,0,0.688,0.281,0,0.28
0.488,0.212,0,0.312,0.332,0,0.339
0.233,0.827,0.5,0.038,0.173,0,0.41
0.192,0.388,0.5,0.215,0.553,0,0.343
0.674,0.099,0,0.252,0.116,0.5,0.381
0.002,0.243,0.5,0.365,0.115,0.5,0.391
0.474,0.459,0,0.404,0.238,0.5,0.33
0.112,0.359,0.5,0.445,0.275,0,0.319
0.106,0.175,0.5,0.296,0.438,0.5,0.372
0.565,0.235,0,0.497,0.205,0.5,0.325
0.652,0.115,0,0.197,0.012,0.5,0.403
0.593,0.534,0,0.212,0.357,0,0.342
1.115,0.631,0,0.583,0.191,0,0.326
0.495,0.415,0,0.298,0.337,0,0.333
0.028,0.559,0.5,0.03,0.142,0.5,0.495
0.185,0.27,0.5,0.104,0.392,0,0.394
0.542,0.538,0.5,0.296,0.252,0,0.333
0.473,0.167,0.5,0.296,0.36,0.5,0.357
0.349,0.534,0,0.561,0.311,0,0.292
0.241,0.179,0.5,0.428,0.019,0.5,0.366
0.189,0.422,0.5,0.015,0.306,0,0.425
0.367,0.595,0,0.497,0.701,0,0.279
0.284,0.184,0.5,0.275,0.467,0,0.341
0.047,0.578,0.5,0.093,0.113,0,0.429
0.497,0.175,0,0.576,0.35,0,0.304
0.301,0.512,0.5,0.534,0.117,0,0.306
0.302,0.262,0.5,0.324,0.317,0.5,0.358
0.433,0.516,0.5,0.118,0.017,0.5,0.432
0.233,0.084,0.5,0.253,0.433,0.5,0.38
0.125,0.424,0.5,0.291,0.451,0,0.336
0.195,0.298,0,0.548,0.459,0,0.29
0.096,0.393,0.5,0.707,0.35,0.5,0.276
0.258,0.302,0.5,0.287,0.061,0.5,0.397
0.342,0.495,0,0.484,0.162,0.5,0.321
0.182,0.445,0,0.681,0.305,0.5,0.284
0.269,0.385,0.5,0.212,0.01,0.5,0.423
0.448,0.335,0,0.373,0.2,0.5,0.344
0.499,0.169,0,0.03,0.143,0.5,0.448
0.619,0.551,0,0.064,0.218,0,0.38
0.533,0.056,0,0.735,0.491,0,0.289
0.231,0.103,0.5,0.363,0.251,0.5,0.365
0.283,0.426,0,0.849,0.399,0,0.263
0.1,0.26,0.5,0.315,0.36,0.5,0.371
0.108,0.197,0.5,0.271,0.296,0.5,0.394
0.479,0.419,0,0.405,0.41,0,0.313
0.15,0.3,0.5,0.104,0.582,0,0.376
0.469,0.369,0.5,0.143,0.242,0,0.374
0.298,0.307,0.5,0.13,0.402,0,0.376
0.202,0.165,0.5,0.351,0.282,0.5,0.365
0.248,0.096,0,0.493,0.126,0.5,0.34
0.107,0.633,0,0.584,0.146,0,0.291
0.247,0.348,0.5,0.043,0.49,0,0.393
0.304,0.565,0,0.547,0.119,0.5,0.311
0.112,0.446,0.5,0.334,0.342,0,0.334
0.361,0.468,0,0.474,0.278,0,0.307
0.293,0.093,0.5,0.173,0.256,0.5,0.419
0.245,0.456,0.5,0.491,0.078,0.5,0.332
0.379,0.618,0.5,0.223,0.276,0,0.347
0.598,0.32,0,0.232,0.15,0.5,0.376
0.124,0.375,0.5,0.016,0.098,0,0.459
0.618,0.101,0,0.457,0.167,0.5,0.339
0.123,0.01,0.5,0.257,0.646,0.5,0.369
0.454,0.077,0,0.519,0.357,0.5,0.317
0.044,0.472,0.5,0.041,0.647,0,0.392
0.388,0.399,0,0.533,0.403,0,0.296
0.373,0.075,0,0.351,0.377,0.5,0.348
0.457,0.361,0,0.117,0.517,0,0.357
0.19,0.406,0,0.458,0.464,0,0.298
0.664,0.497,0.5,0.099,0.752,0,0.335
0.296,0.472,0,0.326,0.252,0.5,0.351
0.48,0.204,0.5,0.221,0.562,0,0.339
0.338,0.395,0.5,0.128,0.24,0.5,0.418
0.313,0.378,0.5,0.447,0.42,0.5,0.316
0.355,0.348,0,0.807,0.316,0.5,0.275
0.287,0.394,0,0.45,0.112,0.5,0.337
0.676,0.554,0,0.552,0.289,0,0.305
0.065,0.13,0,0.495,0.324,0,0.312
0.326,0.434,0,0.445,0.168,0.5,0.331
0.738,0.366,0,0.542,0.288,0.5,0.313
0.603,0.521,0,0.27,0.005,0.5,0.369
0.177,0.22,0.5,0.014,0.333,0.5,0.474
0.265,0.205,0,0.454,0.151,0.5,0.341
0.455,0.271,0,0.177,0.408,0,0.356
0.619,0.1,0,0.602,0.133,0.5,0.32
0.635,0.482,0,0.451,0.665,0,0.298
0.111,0.015,0.5,0.304,0.834,0,0.321
0.049,0.452,0.5,0.481,0.331,0.5,0.323
0.117,0.226,0.5,0.125,0.352,0.5,0.437
0.3,0.245,0,0.339,0.736,0,0.307
0.544,0.294,0.5,0.069,0.185,0.5,0.43
0.055,0.373,0.5,0.312,0.086,0.5,0.401
0.627,0.228,0,0.331,0.706,0,0.317
0.469,0.453,0,0.519,0.228,0.5,0.312
0.341,0.212,0.5,0.362,0.666,0,0.31
0.335,0.51,0,0.602,0.194,0,0.293
0.099,0.493,0,0.355,0.074,0.5,0.37
0.295,0.481,0,0.618,0.682,0,0.269
0.462,0.054,0,0.364,0.391,0.5,0.343
0.473,0.258,0,0.62,0.32,0.5,0.3
0.138,0.779,0.5,0.456,0.031,0,0.318
0.106,0.588,0.5,0.031,0.417,0,0.408
0.47,0.351,0,0.213,0.157,0.5,0.384
0.1,0.487,0.5,0.522,0.554,0,0.283
0.09,0.334,0.5,0.177,0.329,0.5,0.419
0.175,0.131,0,0.519,0.557,0.5,0.304
0.773,0.181,0,0.382,0.625,0,0.322
0.51,0.389,0,0.443,0.368,0,0.312
0.465,0.197,0.5,0.13,0.467,0.5,0.392
0.364,0.431,0,0.622,0.4,0.5,0.288
0.211,0.226,0,0.551,0.303,0.5,0.311
0.154,0.164,0,0.509,0.023,0.5,0.346
0.067,0.057,0.5,0.202,0.116,0.5,0.451
0.497,0.086,0,0.553,0.266,0.5,0.318
0.395,0.537,0,0.508,0.03,0.5,0.323
0.216,0.303,0.5,0.353,0.315,0,0.334
0.364,0.134,0.5,0.294,0.493,0,0.336
0.13,0.454,0.5,0.393,0.223,0,0.33
0.27,0.347,0.5,0.459,0.626,0,0.293
0.307,0.105,0.5,0.103,0.476,0,0.385
0.379,0.239,0.5,0.08,0.18,0.5,0.445
0.003,0.236,0.5,0.346,0.589,0,0.325
0.583,0.845,0,0.703,0.289,0,0.279
0.268,0.495,0.5,0.267,0.559,0,0.324
0.771,0.275,0,0.304,0.37,0.5,0.345
0.349,0.328,0.5,0.162,0.073,0.5,0.428
0.28,0.542,0,0.379,0.299,0,0.317
0.225,0.638,0,0.195,0.111,0,0.369
0.357,0.447,0,0.342,0.225,0.5,0.347
0.319,0.581,0.5,0.093,0.284,0.5,0.421
0.328,0.003,0,0.395,0.134,0.5,0.363
0.15,0.274,0.5,0.039,0.08,0.5,0.497
0.101,0.309,0.5,0.467,0.404,0.5,0.323
0.826,0.244,0,0.422,0.036,0.5,0.348
0.552,0.084,0,0.148,0.585,0,0.356
0.332,0.584,0.5,0.343,0.38,0,0.317
0.361,0.504,0,0.508,0.544,0,0.288
0.334,0.28,0.5,0.088,0.139,0.5,0.45
0.046,0.199,0.5,0.525,0.128,0.5,0.34
0.185,0.239,0.5,0.572,0.426,0.5,0.299
0.118,0.316,0.5,0.319,0.686,0,0.316
0.347,0.288,0.5,0.177,0.107,0.5,0.421
0.348,0.142,0.5,0.11,0.658,0,0.362
0.131,0.285,0,0.441,0.503,0.5,0.318
0.469,0.495,0,0.449,0.424,0,0.304
0.411,0.441,0,0.162,0.402,0,0.354
0.593,0.468,0,0.114,0.433,0.5,0.376
0.543,0.582,0,0.551,0.512,0,0.289
0.537,0.508,0.5,0.003,0.173,0.5,0.445
0.374,0.569,0,0.233,0.065,0.5,0.383
0.447,0.252,0,0.409,0.288,0.5,0.334
0.193,0.432,0,0.432,0.469,0,0.301
0.155,0.044,0.5,0.197,0.047,0.5,0.453
0.402,0.536,0,0.62,0.562,0,0.276
0.103,0.788,0.5,0.352,0.114,0,0.336
0.429,0.318,0.5,0.225,0.237,0.5,0.384
0.394,0.495,0,0.397,0.221,0,0.321
0.228,0.713,0.5,0.185,0.247,0,0.363
0.027,0.345,0.5,0.265,0.274,0.5,0.4
0.009,0.23,0.5,0.226,0.441,0,0.369
0.386,0.264,0.5,0.256,0.329,0.5,0.371
0.679,0.152,0,0.654,0.61,0,0.295
0.488,0.104,0.5,0.371,0.273,0.5,0.349
0.345,0.426,0.5,0.476,0.428,0,0.299
0.448,0.072,0.5,0.039,0.389,0.5,0.436
0.032,0.296,0,0.454,0.145,0.5,0.349
0.028,0.132,0.5,0.367,0.26,0.5,0.377
0.035,0.462,0,0.606,0.311,0,0.283
0.11,0.459,0.5,0.414,0.365,0,0.315
0.577,0.192,0,0.546,0.008,0.5,0.331
0.247,0.381,0.5,0.131,0.4,0,0.376
0.258,0.244,0.5,0.327,0.27,0.5,0.366
0.193,0.295,0.5,0.325,0.029,0.5,0.394
0.245,0.352,0.5,0.082,0.223,0.5,0.449
0.359,0.464,0.5,0.295,0.319,0,0.335
0.361,0.154,0,0.323,0.109,0.5,0.374
0.227,0.127,0.5,0.045,0.19,0.5,0.479
0.673,0.202,0,0.121,0.733,0,0.347
0.232,0.459,0.5,0.189,0.414,0.5,0.387
0.42,0.724,0,0.387,0.525,0,0.298
0.032,0.078,0.5,0.097,0.406,0.5,0.457
0.338,0.647,0.5,0.315,0.473,0,0.314
0.426,0.233,0.5,0.225,0.463,0,0.346
0.223,0.538,0,0.485,0.604,0,0.283
0.454,0.414,0,0.35,0.263,0.5,0.341
0.408,0.511,0,0.617,0.037,0,0.301
0.158,0.453,0,0.539,0.245,0,0.298
0.633,0.736,0,0.287,0.262,0,0.329
0.229,0.097,0.5,0.399,0.498,0,0.32
0.603,0.181,0,0.441,0.276,0,0.326
0.243,0.439,0.5,0.06,0.516,0,0.383
0.244,0.309,0,0.574,0.608,0,0.28
0.432,0.388,0.5,0.147,0.069,0.5,0.423
0.052,0.613,0.5,0.059,0.095,0,0.441
0.035,0.149,0.5,0.505,0.526,0.5,0.313
0.189,0.097,0.5,0.327,0.245,0.5,0.38
0.123,0.074,0.5,0.537,0.705,0,0.288
0.68,0.162,0,0.22,0.215,0.5,0.378
0.683,0.253,0,0.546,0.67,0,0.299
0.408,0.71,0,0.428,0.277,0,0.305
0.088,0.471,0.5,0.23,0.336,0,0.362
0.166,0.446,0.5,0.411,0.484,0,0.306
0.47,0.199,0,0.287,0.003,0.5,0.386
0.304,0.422,0,0.469,0.256,0,0.31
0.013,0.18,0.5,0.027,0.799,0,0.396
0.706,0.294,0,0.405,0.422,0,0.323
0.432,0.091,0.5,0.153,0.296,0.5,0.409
0.241,0.436,0,0.915,0.621,0,0.249
0.125,0.246,0.5,0.32,0.55,0,0.328
0.312,0.464,0.5,0.198,0.428,0,0.349
0.156,0.64,0,0.632,0.266,0,0.278
0.548,0.578,0,0.367,0.21,0.5,0.333
0.276,0.127,0,0.478,0.633,0,0.297
0.55,0.052,0,0.114,0.104,0.5,0.427
0.117,0.212,0.5,0.661,0.215,0,0.293
0.137,0.362,0.5,0.349,0.522,0,0.319
0.602,0.148,0,0.574,0.391,0.5,0.308
0.698,0.527,0,0.578,0.508,0,0.295
0.506,0.303,0.5,0.151,0.489,0,0.353
0.445,0.431,0,0.545,0.331,0,0.299
0.245,0.113,0.5,0.22,0.245,0.5,0.408
0.082,0.538,0.5,0.375,0.152,0,0.338
0.562,0.209,0,0.476,0.341,0.5,0.321
0.563,0.071,0.5,0.139,0.407,0,0.37
0.461,0.327,0,0.419,0.3,0.5,0.328
0.432,0.223,0.5,0.216,0.435,0.5,0.371
0.319,0.523,0,0.27,0.158,0.5,0.37
0.004,0.332,0.5,0.546,0.311,0.5,0.315
0.608,0.438,0,0.52,0.313,0,0.307
0.156,0.458,0.5,0.539,0.199,0.5,0.315
0.476,0.257,0,0.367,0.251,0,0.333
0.446,0.257,0,0.26,0.26,0.5,0.368
0.273,0.327,0,0.512,0.24,0.5,0.318
0.386,0.385,0.5,0.489,0.044,0.5,0.333
0.348,0.338,0.5,0.338,0.095,0.5,0.37
0.442,0.272,0,0.168,0.109,0.5,0.407
0.848,0.111,0,0.314,0.502,0,0.34
0.664,0.133,0,0.41,0.687,0,0.314
0.487,0.401,0,0.068,0.65,0,0.355
0.487,0.483,0,0.456,0.233,0.5,0.32
0.382,0.755,0,0.105,0.431,0,0.353
0.106,0.207,0.5,0.416,0.475,0.5,0.333
0.163,0.203,0.5,0.306,0.773,0,0.316
0.189,0.469,0.5,0.113,0.478,0,0.374
0.255,0.591,0.5,0.465,0.228,0,0.307
0.568,0.615,0,0.507,0.208,0,0.307
0.246,0.131,0.5,0.094,0.023,0.5,0.479
0.097,0.054,0,0.75,0.221,0.5,0.292
0.01,0.438,0.5,0.479,0.285,0.5,0.33
0.004,0.282,0.5,0.445,0.874,0,0.285
0.388,0.444,0.5,0.271,0.369,0,0.336
0.243,0.293,0.5,0.372,0.455,0,0.32
0.644,0.42,0,0.115,0.202,0.5,0.394
0.543,0.675,0,0.748,0.127,0,0.285
0.5,0.51,0,0.298,0.426,0,0.324
0.783,0.265,0,0.547,0.222,0.5,0.321
0.514,0.34,0,0.352,0.397,0.5,0.333
0.635,0.682,0,0.324,0.613,0,0.308
0.334,0.321,0.5,0.16,0.086,0.5,0.429
0.629,0.253,0,0.484,0.181,0.5,0.328
0.291,0.648,0.5,0.6,0.738,0,0.263
0.422,0.29,0.5,0.239,0.469,0.5,0.36
0.315,0.603,0,0.437,0.266,0,0.307
0.163,0.309,0,0.599,0.63,0,0.275
0.609,0.273,0,0.435,0.14,0,0.331
0.226,0.433,0,0.477,0.459,0,0.295
0.445,0.356,0,0.333,0.636,0,0.312
0.307,0.415,0,0.324,0.576,0,0.313
0.047,0.273,0.5,0.347,0.345,0.5,0.366
0.301,0.214,0.5,0.14,0.221,0.5,0.428
0.361,0.43,0.5,0.265,0.555,0,0.325
0.171,0.038,0.5,0.456,0.022,0.5,0.369
0.14,0.263,0.5,0.433,0.046,0.5,0.365
0.101,0.434,0.5,0.597,0.115,0,0.3
0.202,0.363,0.5,0.178,0.241,0,0.382
0.593,0.264,0.5,0.027,0.02,0.5,0.46
0.419,0.054,0.5,0.303,0.763,0.5,0.331
0.14,0.493,0.5,0.08,0.276,0,0.408
0.211,0.265,0,0.448,0.625,0,0.296
0.394,0.256,0,0.067,0.405,0.5,0.413
0.342,0.382,0,0.828,0.158,0,0.277
0.42,0.375,0.5,0.36,0.16,0,0.337
0.235,0.762,0.5,0.538,0.338,0,0.284
0.008,0.544,0.5,0.13,0.631,0,0.366
0.469,0.65,0.5,0.291,0.513,0,0.314
0.192,0.606,0.5,0.163,0.292,0,0.371
0.062,0.428,0.5,0.265,0.385,0,0.351
0.357,0.212,0.5,0.446,0.341,0.5,0.327
0.113,0.168,0.5,0.418,0.584,0,0.31
0.634,0.35,0,0.386,0.273,0.5,0.334
0.317,0.118,0,0.418,0.558,0.5,0.321
0.219,0.367,0.5,0.241,0.361,0,0.353
0.308,0.578,0.5,0.379,0.163,0.5,0.345
0.201,0.427,0,0.228,0.267,0,0.356
0.236,0.591,0.5,0.046,0.253,0,0.408
0.177,0.364,0,0.312,0.297,0.5,0.361
0.626,0.408,0,0.529,0.671,0,0.293
0.146,0.019,0.5,0.365,0.518,0.5,0.348
0.029,0.569,0.5,0.591,0.566,0,0.27
0.46,0.255,0,0.526,0.181,0.5,0.321
0.374,0.462,0.5,0.104,0.605,0,0.354
0.275,0.201,0.5,0.334,0.645,0,0.317
0.245,0.273,0.5,0.608,0.726,0,0.273
0.227,0.533,0.5,0.127,0.224,0.5,0.427
0.613,0.371,0,0.259,0.052,0.5,0.374
0.517,0.415,0.5,0.209,0.098,0.5,0.392
0.413,0.524,0.5,0.275,0.159,0,0.347
0.281,0.51,0,0.647,0.369,0,0.279
0.111,0.119,0.5,0.484,0.435,0.5,0.323
0.206,0.541,0,0.556,0.38,0,0.285
0.493,0.379,0,0.468,0.434,0,0.305
0.406,0.213,0,0.407,0.379,0.5,0.33
0.549,0.688,0,0.462,0.157,0,0.311
0.304,0.463,0.5,0.401,0.467,0,0.307
0.469,0.297,0,0.33,0.686,0,0.312
0.208,0.595,0.5,0.311,0.044,0.5,0.383
0.354,0.397,0,0.033,0.575,0,0.374
0.173,0.011,0.5,0.285,0.238,0.5,0.399
0.17,0.313,0,0.665,0.225,0.5,0.295
0.576,0.151,0,0.103,0.354,0,0.379
0.514,0.321,0,0.368,0.217,0.5,0.343
0.411,0.628,0,0.744,0.242,0,0.277
0.357,0.005,0.5,0.244,0.551,0.5,0.366
0.308,0.234,0,0.386,0.472,0,0.316
0.186,0.503,0.5,0.567,0.264,0.5,0.301
0.175,0.573,0.5,0.146,0.561,0,0.354
0.546,0.145,0,0.522,0.527,0,0.305
0.202,0.231,0.5,0.214,0.438,0.5,0.388
0.508,0.523,0,0.207,0.317,0,0.346
0.247,0.2,0.5,0.138,0.058,0.5,0.455
0.228,0.358,0.5,0.465,0.337,0,0.309
0.374,0.284,0,0.321,0.629,0,0.315
0.149,0.269,0.5,0.627,0.336,0.5,0.294
0.566,0.563,0,0.589,0.043,0,0.307
0.396,0.627,0,0.573,0.151,0,0.297
0.478,0.29,0,0.022,0.194,0.5,0.441
0.234,0.007,0.5,0.636,0.009,0.5,0.325
0.721,0.293,0,0.658,0.276,0,0.305
0.086,0.373,0.5,0.46,0.257,0,0.318
0.253,0.25,0.5,0.349,0.515,0,0.321
0.976,0.058,0,0.548,0.246,0.5,0.333
0.127,0.278,0.5,0.499,0.364,0.5,0.318
0.282,0.244,0,0.533,0.611,0.5,0.294
0.221,0.527,0,0.511,0.311,0,0.296
0.609,0.397,0,0.258,0.222,0.5,0.36
0.117,0.376,0.5,0.114,0.283,0.5,0.443
0.158,0.476,0.5,0.296,0.143,0.5,0.386
0.027,0.12,0.5,0.1,0.279,0.5,0.47
0.292,0.729,0.5,0.34,0.834,0,0.288
0.476,0.21,0,0.498,0.197,0.5,0.326
0.327,0.259,0,0.454,0.253,0.5,0.329
0.306,0.01,0,0.592,0.371,0.5,0.307
0.636,0.388,0,0.259,0.05,0,0.36
0.076,0.213,0.5,0.314,0.117,0.5,0.402
0.019,0.366,0.5,0.44,0.391,0.5,0.333
0.636,0.183,0,0.178,0.134,0.5,0.395
0.439,0.002,0,0.573,0.307,0.5,0.315
0.142,0.073,0.5,0.187,0.05,0.5,0.456
0.125,0.429,0.5,0.031,0.298,0.5,0.47
0.09,0.068,0,0.625,0.319,0.5,0.305
0.142,0.207,0.5,0.137,0.201,0.5,0.449
0.324,0.129,0,0.432,0.113,0.5,0.35
0.402,0.483,0,0.875,0.313,0,0.268
0.496,0.295,0.5,0.078,0.391,0.5,0.409
0.472,1.008,0,0.277,0.24,0,0.321
0.206,0.232,0.5,0.076,0.623,0.5,0.414
0.472,0.608,0,0.318,0.024,0,0.343
0.299,0.227,0.5,0.29,0.484,0.5,0.354
0.204,0.187,0.5,0.363,0.305,0.5,0.358
0.471,0.444,0.5,0.276,0.381,0,0.332
0.388,0.373,0.5,0.416,0.316,0.5,0.328
0.067,0.418,0.5,0.328,0.556,0,0.321
0.165,0.45,0,0.474,0.443,0,0.296
0.117,0.438,0.5,0.036,0.554,0,0.397
0.356,0.575,0,0.195,0.223,0.5,0.381
0.304,0.016,0.5,0.322,0.416,0.5,0.36
0.259,0.132,0,0.6,0.353,0.5,0.303
0.112,0.276,0.5,0.185,0.363,0,0.379
0.495,0.372,0.5,0.001,0.295,0.5,0.442
0.229,0.063,0,0.458,0.195,0.5,0.344
0.5,0.144,0,0.366,0.186,0.5,0.353
0,0.361,0.5,0.07,0.313,0.5,0.47
0.292,0.157,0.5,0.428,0.419,0.5,0.329
0.253,0.383,0,0.49,0.472,0,0.295
0.122,0.533,0,0.549,0.433,0,0.282
0.303,0.233,0.5,0.264,0.193,0,0.364
0.642,0.339,0,0.6,0.253,0.5,0.307
0.531,0.693,0.5,0.247,0.52,0,0.319
0.917,0.437,0,0.157,0.582,0,0.346
0.181,0.489,0,0.556,0.375,0,0.287
0.514,0.422,0,0.444,0.474,0.5,0.31
0.203,0.017,0.5,0.279,0.036,0.5,0.422
0.544,0.415,0.5,0.052,0.65,0,0.356
0.324,0.232,0,0.257,0.15,0.5,0.387
0.419,0.264,0.5,0.163,0.197,0.5,0.41
0.393,0.111,0,0.226,0.112,0.5,0.401
0.539,0.202,0,0.38,0.599,0,0.315
0.405,0.494,0.5,0.352,0.25,0.5,0.343
0.311,0.565,0,0.165,0.047,0,0.382
0.389,0.191,0.5,0.073,0.233,0.5,0.442
0.462,0.18,0.5,0.24,0.196,0,0.365
0.242,0.103,0,0.443,0.344,0.5,0.333
0.338,0.338,0,0.246,0.331,0,0.347
0.309,0.51,0,0.258,0.839,0,0.305
0.448,0.43,0,0.65,0.008,0.5,0.307
0.304,0.026,0.5,0.222,0.235,0.5,0.408
0.356,0.242,0,0.033,0.344,0,0.402
0.212,0.389,0.5,0.466,0.361,0.5,0.319
0.092,0.076,0.5,0.334,0.347,0,0.352
0.206,0.436,0.5,0.283,0.249,0.5,0.377
0.111,0.391,0.5,0.451,0.352,0,0.311
0.222,0.287,0.5,0.336,0.471,0,0.326
0.424,0.764,0,0.62,0.492,0,0.273
0.314,0.274,0.5,0.127,0.485,0,0.369
0.172,0.401,0.5,0.227,0.014,0.5,0.426
0.61,0.54,0,0.772,0.251,0,0.286
0.546,0.411,0,0.611,0.032,0.5,0.312
0.389,0.138,0,0.462,0.146,0.5,0.339
0.524,0.532,0,0.405,0.274,0,0.317
0.32,0.359,0.5,0.148,0.457,0,0.362
0.099,0.721,0,0.578,0.643,0,0.263
0.071,0.347,0.5,0.208,0.147,0,0.395
0.47,0.227,0,0.188,0.538,0,0.346
0.209,0.21,0.5,0.245,0.458,0,0.351
0.179,0.461,0.5,0.014,0.38,0,0.416
0.097,0.714,0.5,0.334,1.07,0,0.28
0.028,0.031,0.5,0.354,0.42,0,0.346
0.43,0.259,0.5,0.122,0.365,0,0.375
0.332,0.381,0,0.579,0.482,0,0.286
0.043,0.04,0.5,0.131,0.333,0.5,0.454
0.086,0.621,0.5,0.297,0.077,0,0.362
0.458,0.184,0.5,0.007,0.281,0.5,0.454
0.662,0.018,0,0.368,0.142,0.5,0.359
0.431,0.342,0,0.721,0.408,0,0.281
0.174,0.114,0.5,0.094,0.013,0.5,0.49
0.324,0.298,0,0.284,0.283,0,0.345
0.247,0.227,0,0.5,0.521,0,0.296
0.198,0.594,0,0.573,0.406,0,0.28
0.49,0.495,0,0.298,0.273,0,0.334
0.42,0.654,0.5,0.157,0.647,0,0.331
0.404,0.192,0,0.441,0.35,0.5,0.327
0.136,0.278,0.5,0.603,0.279,0.5,0.302
0.828,0.361,0,0.442,0.522,0,0.318
0.233,0.555,0.5,0.151,0.007,0,0.404
0.458,0.043,0,0.333,0.43,0.5,0.347
0.699,0.516,0,0.327,0.507,0,0.32
0.371,0.247,0.5,0.304,0.144,0.5,0.377
0.058,0.137,0,0.429,0.323,0.5,0.345
0.54,0.389,0,0.102,0.118,0.5,0.414
0.458,0.258,0,0.05,0.174,0,0.408
0.115,0.298,0.5,0.36,0.097,0.5,0.382
0.347,0.293,0,0.615,0.051,0.5,0.314
0.652,0.17,0,0.366,0.59,0,0.322
0.543,0.019,0,0.367,0.472,0.5,0.338
0.049,0.291,0.5,0.477,0.133,0.5,0.348
0.484,0.426,0,0.183,0.94,0,0.315
0.734,0.569,0,0.04,0.708,0,0.349
0.666,0.138,0,0.45,0.07,0.5,0.345
0.58,0.223,0,0.037,0.432,0.5,0.408
0.725,0.424,0,0.59,0.216,0,0.31
0.219,0.096,0.5,0.429,0.305,0.5,0.344
0.349,0.205,0,0.654,0.425,0.5,0.29
0.125,0.389,0,0.1,0.094,0.5,0.455
0.308,0.529,0,0.171,0.338,0,0.356
0.2,0.169,0.5,0.287,0.055,0.5,0.409
0.207,0.512,0.5,0.114,0.425,0,0.375
0.484,0.449,0,0.165,0.093,0.5,0.398
0.133,0.3,0.5,0.063,0.325,0,0.418
0.198,0.32,0.5,0.142,0.292,0,0.39
0.423,0.135,0.5,0.259,0.497,0,0.341
0.163,0.338,0,0.6,0.24,0,0.294
0.322,0.398,0.5,0.108,0.336,0.5,0.416
0.492,0.358,0.5,0.235,0.526,0,0.333
0.319,0.449,0,0.403,0.232,0,0.32
0.003,0.52,0.5,0.315,0.436,0,0.333
0.364,0.017,0.5,0.353,0.758,0,0.314
0.209,0.473,0.5,0.16,0.068,0,0.4
0.149,0.283,0.5,0.167,0.18,0.5,0.436
0.452,0.408,0,0.48,0.706,0,0.289
0.322,0.354,0,0.78,0.504,0,0.268
0.346,0.164,0.5,0.024,0.353,0.5,0.452
0.216,0.612,0,0.324,0.661,0,0.301
0.003,0.328,0.5,0.155,0.264,0.5,0.445
0.233,0.365,0.5,0.186,0.04,0.5,0.433
0.353,0.359,0.5,0.352,0.22,0,0.336
0.513,0.485,0,0.106,0.144,0.5,0.407
0.294,0.933,0,0.421,0.468,0,0.288
0.123,0.137,0.5,0.061,0.205,0.5,0.482
0.286,0.442,0,0.44,0.233,0,0.314
0.582,0.176,0,0.37,0.056,0.5,0.359
0.42,0.385,0,0.504,0.457,0,0.298
0.527,0.234,0,0.46,0.26,0.5,0.327
0.094,0.458,0.5,0.36,0.603,0,0.309
0.373,0.625,0,0.289,0.3,0,0.329
0.258,0.476,0.5,0.538,0.436,0,0.288
0.067,0.392,0.5,0.19,0.519,0,0.36
0.68,0.413,0,0.577,0.329,0,0.305
0.02,0.238,0.5,0.333,0.489,0,0.336
0.423,0.33,0.5,0.236,0.367,0.5,0.368
0.239,0.431,0,0.403,0.476,0,0.306
0.36,0.48,0,0.485,0.376,0,0.299
0.111,0.382,0,0.789,0.274,0.5,0.274
0.63,0.32,0,0.311,0.585,0,0.323
0.398,0.353,0,0.568,0.086,0.5,0.316
0.366,0.221,0.5,0.042,0.154,0.5,0.464
0.264,0.18,0.5,0.043,0.285,0.5,0.461
0.053,0.212,0,0.677,0.359,0.5,0.289
0.208,0.576,0.5,0.353,0.113,0,0.339
0.025,0.546,0.5,0.511,0.449,0,0.289
0.204,0.419,0.5,0.234,0.458,0,0.345
0.42,0.623,0.5,0.005,0.2,0,0.409
0.731,0.322,0,0.257,0.761,0,0.323
0.644,0.26,0,0.329,0.446,0.5,0.336
0.388,0.103,0,0.454,0.581,0,0.306
0.251,0.367,0.5,0.419,0.397,0.5,0.326
0.063,0.323,0,0.625,0.125,0.5,0.31
0.201,0.135,0.5,0.239,0.797,0,0.329
0.382,0.131,0,0.567,0.219,0.5,0.316
0.141,0.357,0.5,0.388,0.352,0,0.324
0.321,0.215,0.5,0.17,0.18,0.5,0.42
0.312,0.096,0.5,0.28,0.308,0.5,0.378
0.298,0.191,0,0.441,0.429,0.5,0.323
0.073,0.183,0.5,0.451,0.826,0,0.289
0.347,0.156,0,0.771,0.426,0,0.278
0.217,0.232,0.5,0.195,0.015,0.5,0.441
0.28,0.117,0.5,0.342,0.255,0.5,0.367
0.062,0.098,0.5,0.305,0.344,0.5,0.386
0.356,0.375,0.5,0.472,0.596,0,0.293
0.617,0.485,0,0.316,0.672,0,0.312
0.415,0.347,0,0.379,0.413,0,0.318
0.212,0.602,0.5,0.024,0.304,0,0.412
0.374,0.131,0.5,0.159,0.35,0.5,0.405
0.582,0.13,0,0.189,0.058,0.5,0.404
0.136,0.124,0.5,0.168,0.225,0.5,0.439
0.259,0.229,0.5,0.112,0.264,0,0.401
0.628,0.424,0,0.123,0.612,0,0.345
0.007,0.25,0.5,0.316,0.334,0,0.354
0.231,0.014,0.5,0.166,0.559,0.5,0.397
0.095,0.409,0.5,0.024,0.223,0.5,0.486
0.131,0.358,0.5,0.257,0.388,0,0.352
0.043,0.102,0.5,0.274,0.446,0.5,0.387
0.822,0.036,0,0.295,0.065,0.5,0.376
0.259,0.29,0,0.635,0.149,0.5,0.305
0.037,0.143,0.5,0.297,0.364,0.5,0.387
0.816,0.115,0,0.623,0.391,0.5,0.311
0.308,0.005,0,0.459,0.427,0.5,0.326
0.27,0.109,0.5,0.229,0.004,0.5,0.431
0.591,0.503,0,0.249,0.517,0,0.328
0.052,0.515,0.5,0.444,0.311,0,0.312
0.225,0.448,0.5,0.181,0.248,0.5,0.408
0.146,0.384,0.5,0.184,0.104,0,0.399
0.317,0.106,0.5,0.595,0.378,0.5,0.301
0.498,0.468,0,0.409,0.391,0,0.312
0.001,0.437,0.5,0.31,0.228,0.5,0.388
0.082,0.449,0.5,0.518,0.113,0,0.314
0.162,0.063,0.5,0.27,0.446,0,0.355
0.445,0.231,0.5,0.155,0.3,0.5,0.401
0.062,0.009,0.5,0.426,0.35,0.5,0.353
0.455,0.305,0,0.31,0.222,0.5,0.357
0.228,0.575,0.5,0.141,0.464,0,0.36
0.3,0.452,0,0.737,0.356,0,0.273
0.503,0.169,0.5,0.016,0.302,0.5,0.444
0.023,0.319,0.5,0.419,0.308,0.5,0.349
0.39,0.624,0,0.33,0.19,0,0.329
0.096,0.403,0.5,0.255,0.141,0.5,0.409
0.471,0.255,0,0.437,0.116,0.5,0.34
0.298,0.358,0,0.108,0.181,0.5,0.426
0.16,0.354,0.5,0.155,0.629,0,0.355
0.024,0.626,0.5,0.143,0.076,0.5,0.458
0.299,0.464,0,0.265,0.107,0.5,0.38
0.576,0.47,0.5,0,0.055,0.5,0.457
0.318,0.554,0,0.702,0.466,0,0.269
0.214,0.026,0.5,0.212,0.135,0.5,0.431
0.413,0.181,0,0.444,0.518,0,0.309
0.49,0.259,0.5,0.162,0.6,0,0.345
0.01,0.115,0.5,0.669,0.679,0.5,0.272
0.14,0.478,0,0.835,0.193,0,0.266
0.362,0.469,0.5,0.24,0.026,0.5,0.399
0.425,0.082,0,0.337,0.415,0.5,0.346
0.138,0.529,0.5,0.272,0.278,0.5,0.379
0.459,0.291,0,0.437,0.323,0.5,0.325
0.351,0.63,0.5,0.174,0.325,0,0.355
0.05,0.499,0.5,0.086,0.521,0,0.389
0.04,0.526,0.5,0.357,0.266,0,0.335
0.026,0.338,0,0.509,0.025,0.5,0.345
0.092,0.322,0.5,0.726,0.471,0,0.267
0.299,0.157,0.5,0.336,0.34,0.5,0.358
0.28,0.051,0,0.62,0.21,0.5,0.312
0.46,0.117,0.5,0.143,0.356,0.5,0.403
0.066,0.516,0.5,0.483,0.302,0.5,0.322
0,0.186,0.5,0.339,0.3,0,0.355
0.391,0.23,0.5,0.278,0.303,0,0.348
0.311,0.269,0.5,0.281,0.612,0,0.325
0.259,0.413,0,0.407,0.108,0.5,0.347
0.306,0.268,0,0.353,0.523,0,0.317
0.378,0.315,0,0.327,0.284,0,0.335
0.461,0.385,0,0.495,0.144,0,0.316
0.645,0.62,0,0.309,0.209,0,0.333
0.293,0.482,0,0.439,0.671,0,0.289
0.066,0.164,0.5,0.039,0.367,0.5,0.476
0.35,0.447,0.5,0.33,0.165,0.5,0.361
0.063,0.375,0.5,0.015,0.15,0.5,0.503
0.13,0.283,0,0.65,0.367,0.5,0.29
0.216,0.123,0,0.353,0.31,0.5,0.357
0.214,0.101,0.5,0.242,0.37,0.5,0.391
0.436,0.377,0,0.365,0.102,0.5,0.352
0.131,0.36,0.5,0.432,0.362,0.5,0.332
0.19,0.233,0.5,0.321,0.413,0,0.337
0.925,0.469,0,0.385,0.33,0.5,0.331
0.216,0.278,0.5,0.023,0.352,0.5,0.462
0.378,0.639,0,0.842,0.191,0,0.269
0.352,0.685,0,0.631,0.48,0,0.272
0.541,0.342,0,0.407,0.473,0,0.313
0.03,0.576,0,0.704,0.64,0,0.252
0.598,0.298,0,0.194,0.171,0.5,0.384
0.487,0.013,0,0.466,0.156,0.5,0.341
0.366,0.545,0.5,0.051,0.459,0,0.377
0.545,0.55,0,0.528,0.571,0,0.289
0.174,0.496,0.5,0.289,0.385,0.5,0.362
0.078,0.392,0.5,0.106,0.15,0.5,0.466
0.121,0.156,0.5,0.612,0.401,0.5,0.297
0.72,0.229,0,0.431,0.122,0.5,0.341
0.098,0.235,0.5,0.409,0.145,0.5,0.366
0.325,0.488,0,0.758,0.384,0,0.27
0.234,0.2,0.5,0.437,0.56,0.5,0.317
0.382,0.285,0,0.214,0.442,0,0.347
0.73,0.276,0,0.459,0.647,0.5,0.308
0.623,0.068,0,0.376,0.811,0,0.312
0.008,0.052,0.5,0.362,0.268,0,0.358
0.544,0.233,0,0.345,0.553,0,0.321
0.107,0.106,0.5,0.217,0.241,0.5,0.424
0.852,0.402,0,0.573,0.518,0,0.307
0.63,0.292,0,0.269,0.274,0,0.347
0.415,0.048,0.5,0.084,0.043,0.5,0.466
0.571,0.074,0,0.428,0.619,0.5,0.317
0.576,0.559,0,0.446,0.343,0,0.309
0.279,0.087,0.5,0.48,0.347,0,0.317
0.397,0.347,0.5,0.28,0.282,0,0.345
0.183,0.19,0.5,0.573,0.268,0.5,0.311
0.362,0.464,0.5,0.351,0.278,0.5,0.344
0.457,0.549,0.5,0.127,0.269,0,0.369
0.281,0.564,0,0.377,0.32,0,0.315
0.524,0.3,0,0.563,0.197,0.5,0.313
0.617,0.365,0,0.087,0.359,0.5,0.392
0.289,0.055,0.5,0.333,0.284,0.5,0.369
0.519,0.168,0,0.28,0.309,0,0.347
0.355,0.534,0,0.417,0.288,0,0.312
0.066,0.888,0.5,0.125,0.127,0,0.4
0.41,0.123,0,0.387,0.09,0.5,0.36
0.372,0.551,0.5,0.399,0.567,0,0.298
0.108,0.432,0,0.497,0.144,0,0.312
0.151,0.01,0.5,0.023,0.2,0.5,0.5
0.7,0.232,0,0.412,0.58,0,0.317
0.447,0.131,0,0.401,0.011,0.5,0.361
0.259,0.105,0.5,0.162,0.859,0,0.34
0.497,0.274,0,0.209,0.561,0,0.339
0.408,0.269,0,0.591,0.521,0,0.289
0.025,0.648,0.5,0.077,0.437,0,0.397
0.508,0.058,0.5,0.196,0.617,0.5,0.363
0.277,0.25,0,0.637,0.667,0,0.274
0.057,0.421,0.5,0.161,0.092,0,0.414
0.2,0.386,0,0.484,0.589,0,0.289
0.37,0.36,0.5,0.36,0.594,0,0.309
0.265,0.212,0.5,0.137,0.083,0.5,0.45
0.018,0.346,0.5,0.486,0.004,0.5,0.359
0.01,0.207,0.5,0.276,0.122,0.5,0.422
0.029,0.452,0,0.698,0.648,0,0.256
0.242,0.626,0.5,0.152,0.51,0,0.351
0.076,0.172,0.5,0.694,0.83,0,0.26
0.236,0.302,0.5,0.046,0.219,0.5,0.466
0.207,0.428,0.5,0.417,0.49,0,0.305
0.665,0.487,0,0.054,0.16,0.5,0.411
0.427,0.501,0.5,0.203,0.415,0,0.343
0.611,0.383,0,0.305,0.367,0,0.333
0.355,0.732,0,0.138,0.479,0,0.344
0.369,0.452,0.5,0.274,0.426,0.5,0.352
0.522,0.582,0.5,0.012,0.282,0,0.392
0.122,0.237,0,0.427,0.293,0.5,0.34
0.211,0.399,0,0.4,0.394,0.5,0.328
0.521,0.595,0,0.387,0.245,0.5,0.327
0.506,0.294,0.5,0.052,0.011,0.5,0.46
0.13,0.198,0,0.453,0.523,0,0.303
0.066,0.367,0,0.409,0.434,0,0.31
0.573,0.018,0,0.463,0.618,0,0.312
0.58,0.239,0,0.056,0.022,0.5,0.442
0.5,0.277,0,0.174,0.568,0.5,0.362
0.494,0.771,0,0.407,0.269,0,0.308
0.439,0.278,0,0.328,0.46,0.5,0.337
0.379,0.096,0,0.236,0.166,0.5,0.394
0.455,0.193,0,0.805,0.497,0,0.276
0.368,0.258,0,0.157,0.057,0.5,0.422
0.295,0.879,0.5,0.139,0.418,0,0.35
0.087,0.511,0.5,0.553,0.448,0,0.284
0.267,0.245,0,0.164,0.494,0.5,0.384
0.379,0.29,0.5,0.545,0.228,0.5,0.312
0.372,0.179,0,0.368,0.419,0.5,0.337
0.016,0.09,0,0.376,0.115,0.5,0.385
0.516,0.592,0,0.378,0.067,0.5,0.341
0.225,0.441,0,0.259,0.319,0.5,0.368
0.377,0.511,0,0.284,0.312,0,0.333
0.07,0.426,0,0.677,0.075,0.5,0.3
0.202,0.46,0.5,0.342,0.041,0.5,0.379
0.406,0.29,0,0.458,0.562,0,0.301
0.542,0.194,0,0.608,0.004,0.5,0.322
0.279,0.129,0.5,0.261,0.331,0.5,0.382
0.201,0.366,0,0.509,0.274,0,0.304
0.272,0.363,0.5,0.338,0.013,0.5,0.382
0.548,0.279,0.5,0.127,0.123,0.5,0.418
0.139,0.726,0.5,0.193,0.401,0,0.352
0.362,0.611,0,0.41,0.249,0,0.312
0.35,0.245,0,0.565,0.215,0.5,0.313
0.252,0.071,0.5,0.011,0.532,0.5,0.45
0.343,0.596,0,0.424,0.72,0,0.286
0.231,0.348,0.5,0.15,0.239,0.5,0.424
0.037,0.225,0.5,0.066,0.286,0,0.436
0.308,0.271,0.5,0.231,0.423,0.5,0.374
0.302,0.243,0.5,0.125,0.247,0.5,0.429
0.043,0.186,0.5,0.143,0.194,0.5,0.46
0.562,0.313,0.5,0.06,0.021,0.5,0.449
0.002,0.519,0.5,0.162,0.617,0,0.359
0.339,0.269,0,0.29,0.285,0.5,0.363
0.336,0.741,0.5,0.103,0.207,0,0.381
0.311,0.478,0.5,0.367,0.48,0,0.311
0.1,0.028,0.5,0.027,0.156,0.5,0.509
0.063,0.412,0.5,0.319,0.582,0,0.322
0.796,0.406,0,0.272,0.76,0,0.321
0.181,0.361,0,0.115,0.386,0,0.379
0.254,0.066,0.5,0.283,0.258,0.5,0.388
0.163,0.342,0.5,0.257,0.12,0.5,0.407
0.739,0.107,0,0.428,0.365,0.5,0.333
0.612,0.219,0,0.339,0.001,0.5,0.367
0.297,0.124,0,0.59,0.562,0.5,0.293
0.474,0.212,0.5,0.228,0.522,0,0.34
0.247,0.377,0.5,0.233,0.396,0,0.35
0.277,0.24,0,0.315,0.427,0,0.331
0.219,0.061,0.5,0.179,0.68,0.5,0.38
0.287,0.281,0.5,0.362,0.373,0,0.327
0.296,0.166,0.5,0.292,0.364,0.5,0.367
0.193,0.094,0.5,0.052,0.303,0.5,0.468
0.236,0.717,0.5,0.42,0.183,0,0.314
0.371,0.588,0.5,0.16,0.383,0,0.354
0.374,0.56,0.5,0.464,0.223,0,0.308
0.471,0.421,0,0.377,0.339,0.5,0.33
0.294,0.313,0.5,0.349,0.222,0.5,0.359
0.293,0.283,0,0.517,0.377,0,0.301
0.4,0.233,0.5,0.092,0.373,0.5,0.417
0.278,0.274,0.5,0.27,0.065,0.5,0.401
0.507,0.376,0.5,0.33,0.713,0,0.307
0.555,0.797,0,0.475,0.064,0.5,0.316
0.325,0.25,0.5,0.217,0.299,0.5,0.391
0.48,0.204,0,0.534,0.137,0.5,0.324
0.531,0.388,0,0.045,0.39,0,0.38
0.458,0.105,0,0.431,0.12,0.5,0.347
0.205,0.051,0,0.469,0.293,0.5,0.335
0.608,0.384,0.5,0.012,0.669,0,0.362
0.357,0.288,0.5,0.185,0.341,0.5,0.392
0.482,0.18,0,0.506,0.559,0,0.301
0.584,0.409,0.5,0.081,0.218,0,0.384
0.372,0.245,0,0.556,0.504,0,0.293
0.416,0.329,0,0.413,0.11,0.5,0.343
0.451,0.38,0.5,0.058,0.584,0,0.366
0.079,0.323,0,0.483,0.278,0.5,0.327
0.529,0.294,0,0.17,0.363,0.5,0.377
0.029,0.566,0.5,0.311,0.02,0,0.371
0.28,0.046,0.5,0.103,0.348,0.5,0.436
0.481,0.001,0,0.527,0.334,0.5,0.321
0.595,0.329,0,0.526,0.208,0.5,0.317
0.161,0.155,0,0.588,0.177,0.5,0.317
0.179,0.59,0,0.324,0.399,0,0.319
0.346,0.31,0,0.44,0.233,0,0.32
0.375,0.626,0.5,0.279,0.241,0,0.337
0.35,0.685,0,0.238,0.229,0,0.342
0.243,0.364,0.5,0.312,0.587,0,0.319
0.102,0.006,0.5,0.021,0.204,0.5,0.506
0.147,0.35,0.5,0.227,0.081,0.5,0.423
0.26,0.126,0,0.301,0.261,0.5,0.373
0.011,0.41,0.5,0.452,0.343,0.5,0.333
0.027,0.098,0.5,0.465,0.309,0.5,0.345
0.537,0.162,0,0.277,0.261,0.5,0.365
0.294,0.416,0.5,0.115,0.209,0.5,0.43
0.496,0.429,0.5,0.012,0.465,0,0.383
0.022,0.073,0.5,0.262,0.082,0.5,0.438
0.225,0.057,0,0.548,0.32,0.5,0.317
0.359,0.234,0,0.425,0.451,0,0.312
0.658,0.682,0,0.148,0.34,0,0.349
0.289,0.401,0,0.534,0.193,0,0.305
0.309,0.495,0.5,0.161,0.439,0,0.356
0.42,0.204,0,0.661,0.38,0.5,0.293
0.22,0.55,0,0.545,0.25,0,0.294
0.036,0.736,0.5,0.427,0.135,0,0.322
0.123,0.307,0.5,0.082,0.272,0.5,0.458
0.39,0.451,0,0.336,0.312,0.5,0.341
0.053,0.205,0.5,0.213,0.411,0,0.374
0.489,0.382,0,0.325,0.422,0.5,0.335
0.145,0.507,0.5,0.363,0.229,0.5,0.356
0.678,0.581,0,0.399,0.126,0,0.328
0.39,0.289,0,0.241,0.65,0,0.327
0.322,0.354,0.5,0.384,0.568,0,0.307
0.3,0.776,0.5,0.497,0.092,0,0.303
0.306,0.116,0,0.457,0.086,0.5,0.348
0.408,0.002,0.5,0.477,0.302,0.5,0.331
0.357,0.061,0,0.334,0.197,0.5,0.368
0.125,0.387,0,0.654,0.292,0.5,0.29
0.3,0.063,0.5,0.202,0.076,0.5,0.431
0.567,0.49,0.5,0.181,0.498,0,0.338
0.277,0.305,0,0.809,0.065,0,0.283
0.434,0.208,0.5,0.082,0.138,0,0.411
0.053,0.493,0.5,0.455,0.223,0,0.318
0.399,0.83,0,0.309,0.087,0,0.332
0.107,0.215,0.5,0.332,0.518,0.5,0.352
0.233,0.472,0,0.611,0.228,0.5,0.297
0.248,0.18,0.5,0.294,0.371,0.5,0.369
0.375,0.214,0,0.583,0.045,0.5,0.322
0.373,0.483,0.5,0.269,0.092,0.5,0.382
0.702,0.823,0,0.3,0.475,0,0.315
0.236,0.155,0.5,0.362,0.196,0.5,0.368
0.147,0.323,0.5,0.529,0.373,0.5,0.309
0.614,0.282,0,0.448,0.341,0.5,0.323
0.691,0.126,0,0.569,0.148,0.5,0.324
0.342,0.142,0.5,0.494,0.537,0,0.302
0.512,0.208,0,0.817,0.119,0.5,0.292
0.453,0.033,0,0.341,0.188,0.5,0.365
0.177,0.537,0,0.335,0.619,0,0.305
0.284,0.374,0.5,0.355,0.331,0,0.328
0.147,0.531,0.5,0.534,0.459,0,0.285
0.112,0.306,0.5,0.411,0.393,0,0.319
0.137,0.201,0,0.653,0.033,0.5,0.315
0.016,0.173,0.5,0.069,0.035,0.5,0.511
0.207,0.321,0,0.489,0.392,0,0.301
0.534,0.29,0,0.341,0.582,0.5,0.325
0.071,0.602,0.5,0.277,0.343,0,0.344
0.514,0.493,0,0.2,0.473,0,0.338
0.221,0.755,0.5,0.341,0.293,0,0.32
0.374,0.128,0,0.413,0.344,0.5,0.335
0.334,0.318,0.5,0.476,0.495,0,0.3
0.305,0.583,0,0.418,0.182,0,0.316
0.127,0.444,0.5,0.04,0.366,0,0.415
0.456,0.148,0,0.44,0.255,0.5,0.334
0.252,0.159,0,0.33,0.241,0.5,0.366
0.225,0.535,0,0.515,0.369,0.5,0.303
0.397,0.436,0,0.495,0.335,0,0.303
0.517,0.088,0.5,0.081,0.71,0,0.359
0.33,0.132,0.5,0.271,0.012,0.5,0.41
0.176,0.578,0.5,0.339,0.436,0,0.318
0.387,0.028,0.5,0.115,0.554,0.5,0.401
0.565,0.341,0,0.016,0.264,0.5,0.426
0.023,0.535,0,0.694,0.45,0,0.263
0.06,0.335,0.5,0.348,0.129,0.5,0.385
0.536,0.299,0,0.315,0.352,0.5,0.345
0.263,0.252,0,0.447,0.327,0.5,0.327
0.302,0.64,0.5,0.337,0.263,0.5,0.346
0.034,0.611,0.5,0.323,0.221,0,0.345
0.242,0.329,0.5,0.706,0.462,0,0.273
0.422,0.496,0.5,0.192,0.216,0.5,0.389
0.143,0.586,0.5,0.139,0.475,0,0.365
0.081,0.349,0,0.513,0.372,0.5,0.312
0.818,0.262,0,0.38,0.358,0.5,0.335
0.41,0.513,0.5,0.053,0.25,0.5,0.432
0.201,0.219,0.5,0.152,0.256,0.5,0.43
0.045,0.299,0.5,0.267,0.078,0.5,0.423
0.473,0.016,0.5,0.293,0.232,0.5,0.376
0.555,0.465,0,0.488,0.308,0.5,0.312
0.522,0.289,0,0.576,0.243,0.5,0.309
0.236,0.548,0.5,0.057,0.599,0,0.372
0.386,0.28,0.5,0.35,0.129,0.5,0.363
0.099,0.217,0.5,0.286,0.342,0.5,0.384
0.63,0.178,0,0.145,0.37,0,0.367
0.118,0.191,0.5,0.222,0.193,0.5,0.422
0.67,0.495,0,0.109,0.254,0,0.369
0.326,0.499,0,0.397,0.192,0.5,0.337
0.776,0.49,0,0.143,0.437,0,0.352
0.402,0.073,0,0.405,0.333,0.5,0.339
0.806,0.338,0,0.095,0.129,0.5,0.402
0.301,0.773,0.5,0.367,0.281,0,0.314
0.238,0.45,0.5,0.372,0.226,0,0.33
0.636,0.215,0,0.366,0.473,0,0.325
0.408,0.595,0,0.408,0.256,0,0.313
0.325,0.507,0,0.362,0.431,0.5,0.327
0.674,0.498,0,0.496,0.281,0.5,0.313
0.491,0.502,0,0.41,0.405,0,0.31
0.618,0.024,0,0.573,0.264,0.5,0.319
0.377,0.241,0.5,0.172,0.664,0,0.342
0.325,0.017,0.5,0.024,0.622,0.5,0.429
0.32,0.408,0.5,0.253,0.624,0,0.324
0.111,0.515,0.5,0.055,0.134,0,0.436
0.556,0.445,0,0.454,0.795,0,0.291
0.425,0.12,0.5,0.122,0.413,0.5,0.406
0.501,0.358,0,0.28,0.507,0.5,0.339
0.083,0.063,0.5,0.491,0.486,0.5,0.321
0.52,0.285,0,0.368,0.469,0.5,0.328
0.073,0.4,0.5,0.62,0.354,0,0.283
0.355,0.194,0.5,0.384,0.365,0.5,0.339
0.328,0.629,0.5,0.383,0.559,0,0.299
0.259,0.5,0,0.398,0.331,0,0.313
0.411,0.361,0,0.258,0.466,0,0.333
0.586,0.551,0,0.568,0.354,0,0.297
0.241,0.36,0,0.68,0.372,0.5,0.283
0.037,0.167,0.5,0.341,0.342,0.5,0.374
0.562,0.415,0,0.313,0.424,0,0.326
0.392,0.405,0,0.175,0.062,0.5,0.407
0.257,0.573,0,0.619,0.21,0,0.287
0.068,0.322,0.5,0.011,0.373,0.5,0.479
0.33,0.273,0.5,0.301,0.044,0.5,0.39
0.13,0.311,0,0.689,0.77,0,0.259
0.02,0.33,0,0.474,0.007,0,0.333
0.526,0.298,0,0.171,0.398,0,0.356
0.232,0.134,0.5,0.331,0.273,0.5,0.371
0.337,0.332,0,0.525,0.878,0,0.276
0.421,0.201,0,0.458,0.54,0,0.305
0.031,0.05,0.5,0.096,0.167,0.5,0.489
0.215,0.406,0.5,0.384,0.648,0,0.301
0.665,0.772,0,0.325,0.308,0,0.321
0.791,0.061,0,0.47,0.286,0.5,0.334
0.073,0.257,0.5,0.158,0.071,0.5,0.463
0.325,0.415,0.5,0.43,0.317,0,0.313
0.337,0.059,0,0.528,0.204,0.5,0.327
0.34,0.397,0,0.606,0.26,0,0.293
0.436,0.173,0.5,0.259,0.403,0.5,0.364
0.428,0.268,0,0.643,0.663,0,0.279
0.055,0.098,0,0.316,0.442,0.5,0.365
0.191,0.504,0,0.608,0.456,0,0.276
0.589,0.526,0.5,0.089,0.337,0,0.367
0.437,0.039,0,0.624,0.318,0.5,0.306
0.249,0.334,0,0.458,0.32,0.5,0.323
0.456,0.495,0,0.263,0.631,0,0.318
0.345,0.228,0.5,0.437,0.181,0.5,0.341
0.354,0.462,0.5,0.508,0.177,0.5,0.317
0.401,0.122,0,0.237,0.143,0.5,0.394
0.598,0.277,0,0.176,0.223,0.5,0.385
0.549,0.236,0,0.407,0.188,0.5,0.341
0.571,0.103,0.5,0.016,0.083,0.5,0.466
0.185,0.366,0.5,0.241,0.242,0.5,0.396
0.601,0.577,0.5,0.308,0.086,0.5,0.356
0.014,0.061,0,0.499,0.398,0.5,0.326
0.433,0.108,0.5,0.019,0.221,0.5,0.463
0.435,0.371,0.5,0.113,0.29,0,0.379
0.283,0.352,0.5,0.131,0.334,0,0.381
0.558,0.434,0,0.294,0.538,0,0.322
0.321,0.273,0.5,0.465,0.307,0,0.314
0.389,0.42,0.5,0.307,0.265,0.5,0.357
0.439,0.457,0.5,0.374,0.198,0.5,0.342
0.114,0.238,0.5,0.204,0.412,0.5,0.402
0.352,0.334,0,0.286,0.53,0,0.325
0.355,0.42,0.5,0.133,0.43,0,0.364
0.305,0.666,0,0.6,0.043,0.5,0.304
0.078,0.196,0.5,0.461,0.466,0.5,0.324
0.284,0.032,0.5,0.117,0.261,0.5,0.442
0.519,0.229,0,0.363,0.212,0.5,0.348
0.398,0.105,0.5,0.131,0.209,0.5,0.428
0.357,0.214,0,0.385,0.393,0,0.322
0.196,0.104,0.5,0.306,0.386,0.5,0.371
0.349,0.342,0.5,0.337,0.517,0.5,0.333
0.555,0.512,0,0.383,0.328,0,0.318
0.006,0.044,0,0.455,0.205,0.5,0.356
0.526,0.107,0,0.291,0.56,0,0.332
0.316,0.061,0,0.657,0.396,0.5,0.295
0.346,0.012,0,0.349,0.551,0,0.326
0.054,0.202,0.5,0.464,0.241,0.5,0.345
0.045,0.454,0,0.623,0,0,0.3
0.231,0.118,0,0.771,0.399,0.5,0.279
0.551,0.435,0,0.691,0.566,0,0.28
0.07,0.345,0.5,0.105,0.272,0,0.414
0.239,0.125,0.5,0.561,0.18,0.5,0.322
0.182,0.499,0.5,0.354,0.2,0,0.336
0.497,0.313,0.5,0.008,0.185,0.5,0.454
0.493,0.611,0.5,0.301,0.035,0.5,0.366
0.397,0.405,0.5,0.58,0.417,0,0.289
0.33,0.248,0.5,0.213,0.192,0.5,0.403
0.444,0.449,0.5,0.198,0.653,0,0.329
0.232,0.1,0.5,0.012,0.349,0.5,0.472
0.019,0.067,0.5,0.236,0.263,0.5,0.426
0.155,0.166,0,0.41,0.558,0,0.309
0.392,0.011,0.5,0.236,0.289,0.5,0.392
0.054,0.221,0,0.505,0.528,0.5,0.308
0.274,0.496,0,0.365,0.09,0.5,0.355
0.357,0.029,0.5,0.067,0.273,0.5,0.451
0.528,0.195,0,0.45,0.203,0.5,0.334
0.397,0.231,0.5,0.095,0.226,0.5,0.433
0.732,0.394,0,0.322,0.368,0,0.333
0.201,0.165,0.5,0.411,0.399,0.5,0.338
0.452,0.47,0.5,0.097,0.638,0,0.349
0.149,0.332,0,0.434,0.299,0.5,0.333
0.359,0.632,0,0.166,0.578,0,0.334
0.49,0.638,0,0.257,0.398,0,0.328
0.23,0.427,0.5,0.191,0.064,0.5,0.426
0.065,0.541,0,0.493,0.568,0,0.282
0.113,0.286,0.5,0.305,0.542,0,0.331
0.225,0.015,0.5,0.215,0.114,0.5,0.432
0.18,0.161,0.5,0.351,0.286,0.5,0.366
0.163,0.193,0.5,0.272,0.237,0.5,0.395
0.192,0.097,0.5,0.239,0.425,0.5,0.388
0.138,0.385,0,0.736,0.281,0.5,0.28
0.304,0.442,0.5,0.186,0.281,0.5,0.396
0.392,0.477,0.5,0.141,0.229,0.5,0.407
0.433,0.115,0,0.296,0.445,0.5,0.352
0.251,0.248,0,0.351,0.288,0.5,0.352
0.143,0.41,0.5,0.345,0.276,0,0.337
0.176,0.303,0.5,0.263,0.469,0,0.343
0.241,0.023,0.5,0.195,0.304,0,0.385
0.335,0.378,0,0.588,0.163,0.5,0.308
0.807,0.61,0,0.514,0.618,0,0.299
0.326,0.445,0.5,0.11,0.347,0,0.378
0.52,0.627,0,0.348,0.384,0,0.315
0.332,0.569,0,0.539,0.538,0,0.282
0.641,0.332,0,0.097,0.298,0,0.376
0.149,0.401,0.5,0.19,0,0.5,0.444
0.388,0.348,0,0.524,0.427,0.5,0.303
0.151,0.252,0.5,0.49,0.467,0,0.302
0.063,0.261,0.5,0.457,0.237,0.5,0.344
0.421,0.409,0.5,0.445,0.155,0.5,0.332
0.62,0.63,0,0.212,0.179,0,0.35
0.653,0.294,0,0.414,0.045,0.5,0.346
0.056,0.151,0.5,0.403,0.375,0.5,0.351
0.671,0.436,0,0.23,0.74,0,0.322
0.056,0.104,0.5,0.412,0.39,0.5,0.349
0.379,0.58,0,0.327,0.048,0.5,0.359
0.789,0.337,0,0.526,0.026,0.5,0.33
0.439,0.327,0.5,0.206,0.511,0,0.342
0.167,0.114,0.5,0.057,0.472,0.5,0.447
0.52,0.43,0,0.401,0.628,0,0.303
0.152,0.194,0.5,0.181,0.383,0.5,0.411
0.501,0.673,0.5,0.08,0.402,0,0.362
0.302,0.181,0.5,0.415,0.276,0.5,0.342
0.654,0.375,0.5,0.072,0.715,0,0.346
0.359,0.325,0,0.569,0.19,0,0.304
0.104,0.327,0.5,0.112,0.391,0,0.397
0.512,0.006,0.5,0.078,0.371,0,0.393
0.641,0.571,0,0.722,0.457,0,0.282
0.794,0.142,0,0.349,0.797,0,0.32
0.607,0.275,0.5,0.125,0.212,0.5,0.405
0.308,0.206,0.5,0.333,0.555,0.5,0.338
0.262,0.168,0.5,0.258,0.046,0.5,0.414
0.195,0.537,0.5,0.518,0.618,0,0.279
0.324,0.167,0.5,0.156,0.112,0.5,0.435
0.458,0.099,0,0.599,0.094,0.5,0.32
0.56,0.369,0,0.521,0.513,0.5,0.3
0.416,0.231,0,0.509,0.069,0.5,0.332
0.045,0.219,0,0.513,0.048,0.5,0.346
0.63,0.18,0,0.372,0.085,0.5,0.356
0.086,0.299,0.5,0.261,0.363,0.5,0.388
0.475,0.337,0,0.584,0.624,0,0.286
0.62,0.431,0,0.241,0.208,0.5,0.364
0.366,0.099,0,0.456,0.32,0.5,0.33
0.294,0.011,0.5,0.434,0.643,0.5,0.317
0.422,0.299,0,0.343,0.412,0,0.325
0.112,0.259,0.5,0.158,0.434,0,0.38
0.508,0.216,0,0.272,0.672,0,0.325
0.026,0.495,0.5,0.196,0.297,0.5,0.417
0.005,0.328,0,0.505,0.432,0,0.296
0.244,0.779,0.5,0.107,0.231,0,0.383
0.088,0.286,0.5,0.244,0.488,0.5,0.381
0.234,0.295,0.5,0.197,0.799,0,0.33
0.328,0.328,0,0.463,0.566,0,0.297
0.213,0.27,0.5,0.515,0.469,0,0.297
0.494,0.394,0.5,0.156,0.376,0,0.358
0.545,0.308,0,0.451,0.084,0.5,0.337
0.029,0.577,0.5,0.429,0.303,0,0.314
0.54,0.25,0,0.389,0.089,0.5,0.351
0.062,0.383,0.5,0.442,0.361,0.5,0.332
0.191,0.263,0.5,0.198,0.548,0,0.353
0.712,0.517,0,0.311,0.458,0,0.325
0.598,0.207,0,0.333,0.565,0,0.324
0.171,0.481,0,0.566,0.042,0,0.305
0.51,0.326,0,0.268,0.304,0.5,0.358
0.356,0.565,0,0.423,0.303,0.5,0.32
0.351,0.128,0.5,0.237,0.36,0,0.359
0.616,0.109,0.5,0.043,0.222,0.5,0.436
0.111,0.336,0.5,0.063,0.46,0,0.404
0.17,0.393,0.5,0.134,0.1,0.5,0.451
0.4,0.031,0,0.34,0.527,0,0.328
0.49,0.091,0,0.294,0.668,0,0.326
0.377,0.527,0.5,0.39,0.268,0,0.318
0.456,0.275,0,0.263,0.157,0.5,0.375
0.588,0.725,0,0.635,0.48,0,0.281
0.751,0.37,0,0.214,0.154,0.5,0.373
0.428,0.143,0.5,0.338,0.414,0,0.332
0.568,0.23,0,0.614,0.579,0,0.292
0.387,0.232,0,0.567,0.385,0,0.298
0.392,0.368,0,0.564,0.313,0,0.298
0.345,0.711,0.5,0.051,0.216,0,0.396
0.549,0.295,0,0.013,0.396,0,0.391
0.053,0.565,0.5,0.484,0.279,0.5,0.322
0.543,0.443,0,0.515,0.469,0,0.298
0.367,0.092,0,0.411,0.679,0,0.307
0.01,0.38,0.5,0.444,0.56,0,0.301
0.048,0.203,0.5,0.175,0.359,0,0.391
0.333,0.548,0.5,0.257,0.318,0,0.34
0.362,0.371,0.5,0.377,0.49,0,0.312
0.462,0.258,0,0.136,0.248,0.5,0.402
0.112,0.428,0,0.603,0.412,0.5,0.29
0.046,0.032,0.5,0.557,0.444,0.5,0.312
0.405,0.198,0.5,0.089,0.141,0.5,0.446
0.146,0.079,0.5,0.107,0.471,0.5,0.433
0.12,0.285,0.5,0.428,0.241,0.5,0.347
0.034,0.463,0.5,0.485,0.27,0.5,0.327
0.094,0.095,0.5,0.261,0.456,0.5,0.386
0.1,0.707,0,0.55,0.25,0,0.287
0.523,0.771,0,0.283,0.418,0,0.318
0.288,0.174,0.5,0.039,0.386,0.5,0.448
0.268,0.413,0.5,0.407,0.251,0.5,0.338
0.362,0.335,0,0.333,0.511,0,0.319
0.184,0.401,0.5,0.486,0.279,0.5,0.321
0.049,0.279,0.5,0.664,0.638,0,0.267
0.258,0.29,0.5,0.152,0.286,0.5,0.417
0.457,0.509,0,0.194,0.526,0,0.335
0.421,0.021,0,0.238,0.022,0.5,0.409
0.395,0.166,0.5,0.239,0.012,0.5,0.413
0.376,0.172,0,0.405,0.314,0.5,0.337
0.439,0.378,0,0.651,0.199,0.5,0.298
0.216,0.527,0.5,0.102,0.462,0,0.374
0.353,0.2,0,0.377,0.393,0.5,0.337
0.235,0.358,0.5,0.095,0.516,0,0.376
0.481,0.149,0,0.412,0.259,0.5,0.339
0.554,0.442,0,0.255,0.063,0.5,0.374
0.428,0.26,0,0.47,0.032,0.5,0.34
0.291,0.246,0.5,0.048,0.39,0,0.404
0.529,0.187,0,0.829,0.421,0.5,0.279
0.369,0.043,0,0.457,0.416,0,0.316
0.539,0.276,0.5,0.157,0.514,0,0.35
0.256,0.233,0.5,0.272,0.273,0.5,0.382
0.855,0.328,0,0.162,0.236,0.5,0.378
0.362,0.466,0,0.881,0.183,0.5,0.271
0.522,0.582,0,0.423,0.478,0,0.303
0.184,0.439,0.5,0.054,0.302,0.5,0.453
0.203,0.143,0.5,0.145,0.373,0.5,0.422
0.377,0.415,0,0.402,0.121,0,0.329
0.442,0.19,0.5,0.057,0.068,0,0.426
0.356,0.239,0.5,0.209,0.191,0.5,0.402
0.285,0.307,0,0.59,0.031,0.5,0.319
0.562,0.135,0,0.104,0.799,0,0.348
0.51,0.679,0,0.173,0.002,0.5,0.393
0.019,0.309,0.5,0.451,0.462,0,0.309
0.243,0.678,0.5,0.573,0.509,0,0.274
0.143,0.36,0,0.483,0.475,0,0.295
0.434,0.664,0,0.443,0.411,0,0.299
0.436,0.844,0,0.576,0.391,0,0.28
0.49,0.033,0,0.546,0.154,0.5,0.327
0.091,0.186,0.5,0.007,0.584,0,0.417
0.174,0.36,0,0.359,0.281,0.5,0.35
0.439,0.438,0.5,0.263,0.62,0,0.32
0.279,0.59,0.5,0.521,0.18,0.5,0.311
0.141,0.313,0.5,0.141,0.499,0,0.374
0.379,0.589,0,0.276,0.035,0.5,0.373
0.391,0.525,0,0.32,0.582,0,0.31
0.398,0.541,0.5,0.27,0.316,0,0.336
0.236,0.177,0,0.426,0.032,0.5,0.36
0.08,0.273,0.5,0.726,0.342,0,0.275
0.471,0.321,0.5,0.154,0.475,0.5,0.379
0.081,0.414,0.5,0.108,0.155,0,0.422
0.26,0.567,0.5,0.254,0.086,0,0.364
0.131,0.392,0.5,0.316,0.103,0.5,0.39
0.185,0.064,0.5,0.445,0.541,0,0.312
0.374,0.3,0,0.302,0.485,0,0.327
0.35,0.36,0,0.54,0.57,0,0.287
0.337,0.12,0,0.339,0.52,0.5,0.339
0.355,0.376,0.5,0.312,0.094,0.5,0.375
0.188,0.245,0,0.567,0.319,0.5,0.307
0.538,0.389,0,0.252,0.502,0,0.331
0.447,0.299,0,0.717,0.115,0.5,0.297
0.059,0.14,0,0.475,0.407,0.5,0.326
0.296,0.096,0,0.452,0.416,0,0.314
0.264,0.374,0.5,0.546,0.442,0,0.291
0.497,0.286,0.5,0.194,0.555,0,0.341
0.608,0.031,0,0.586,0.032,0.5,0.33
0.297,0.475,0.5,0.337,0.336,0,0.326
0.218,0.319,0,0.765,0.845,0,0.253
0.574,0.375,0,0.049,0.406,0.5,0.401
0.284,0.6,0.5,0.361,0.262,0,0.323
0.445,0.489,0,0.416,0.288,0,0.315
0.462,0.03,0,0.096,0.131,0.5,0.438
0.379,0.48,0,0.293,0.067,0,0.351
0.496,0.834,0,0.212,0.075,0,0.35
0.841,0.466,0,0.268,0.492,0,0.334
0.823,0.712,0,0.248,0.466,0,0.329
0.041,0.483,0.5,0.453,0.65,0,0.289
0.454,0.427,0,0.362,0.552,0,0.31
0.418,0.64,0,0.147,0.033,0.5,0.406
0.525,0.438,0.5,0.219,0.411,0,0.34
0.048,0.082,0.5,0.316,0.414,0.5,0.377
0.27,0.499,0,0.712,0.386,0,0.272
0.129,0.299,0.5,0.272,0.265,0.5,0.391
0.284,0.395,0.5,0.162,0.4,0.5,0.395
0.279,0.173,0.5,0.086,0.175,0.5,0.457
0.261,0.611,0.5,0.066,0.472,0,0.377
0.056,0.418,0.5,0.266,0.068,0.5,0.417
0.425,0.167,0,0.479,0.431,0.5,0.316
0.497,0.241,0,0.51,0.543,0,0.3
0.478,0.254,0,0.257,0.284,0.5,0.366
0.347,0.533,0.5,0.099,0.158,0,0.395
0.489,0.549,0,0.312,0.169,0.5,0.35
0.158,0.736,0,0.87,0.369,0,0.249
0.322,0.549,0.5,0.137,0.092,0,0.392
0.226,0.383,0.5,0.146,0.194,0,0.394
0.376,0.343,0.5,0.283,0.339,0,0.34
0.486,0.339,0.5,0.035,0.333,0,0.394
0.366,0.314,0.5,0.321,0.485,0.5,0.34
0.15,0.152,0,0.584,0.36,0,0.295
0.345,0.179,0,0.343,0.555,0,0.32
0.467,0.385,0,0.414,0.338,0,0.316
0.657,0.425,0,0.531,0.025,0.5,0.324
0.596,0.303,0,0.513,0.209,0,0.317
0.301,0.142,0,0.372,0.37,0.5,0.343
0.41,0.272,0.5,0.091,0.257,0.5,0.428
0.029,0.39,0.5,0.067,0.024,0.5,0.502
0.212,0.527,0.5,0.033,0.402,0,0.401
0.624,0.562,0,0.378,0.437,0,0.314
0.146,0.132,0.5,0.456,0.486,0,0.311
0.447,0.245,0,0.52,0.443,0,0.302
0.163,0.04,0,0.528,0.646,0.5,0.3
0.549,0.372,0,0.213,0.55,0,0.336
0.252,0.376,0,0.459,0.698,0,0.287
0.458,0.209,0.5,0.206,0.471,0,0.349
0.453,0.622,0,0.343,0.641,0,0.301
0.035,0.454,0.5,0.429,0.236,0,0.324
0.344,0.273,0,0.622,0.098,0.5,0.31
0.322,0.014,0.5,0.148,0.763,0,0.351
0.531,0.231,0.5,0.139,0.104,0.5,0.42
0.361,0.052,0,0.384,0.517,0,0.321
0.445,0.448,0,0.508,0.049,0,0.317
0.171,0.174,0.5,0.366,0.035,0.5,0.388
0.36,0.433,0.5,0.044,0.226,0,0.408
0.204,0.064,0.5,0.13,0.31,0.5,0.439
0.148,0.123,0.5,0.374,0.208,0.5,0.371
0.009,0.329,0.5,0.592,0.227,0.5,0.311
0.192,0.23,0.5,0.597,0.292,0.5,0.303
0.06,0.381,0.5,0.607,0.452,0,0.28
0.661,0.32,0,0.417,0.289,0.5,0.33
0.481,0.305,0,0.184,0.63,0,0.338
0.659,0.447,0,0.553,0.419,0,0.302
0.38,0.292,0.5,0.167,0.251,0.5,0.405
0.155,0.069,0,0.42,0.206,0.5,0.355
0.618,0.332,0,0.486,0.145,0.5,0.327
0.357,0.452,0.5,0.304,0.406,0,0.327
0.467,0.411,0,0.531,0.318,0,0.302
0.365,0.392,0,0.591,0.079,0.5,0.312
0.364,0.357,0,0.425,0.51,0,0.304
0.245,0.173,0.5,0.414,0.287,0.5,0.344
0.182,0.24,0.5,0.29,0.363,0.5,0.373
0.15,0.136,0.5,0.179,0.339,0.5,0.42
0.38,0.237,0,0.435,0.398,0.5,0.323
0.634,0.296,0,0.236,0.052,0.5,0.382
0.688,0.049,0,0.294,0.504,0.5,0.347
0.451,0.163,0,0.408,0.378,0,0.322
0.181,0.259,0,0.359,0.341,0.5,0.349
0.412,0.632,0,0.453,0.3,0,0.304
0.282,0.182,0,0.54,0.415,0.5,0.307
0.369,0.438,0.5,0.224,0.374,0,0.346
0.581,0.421,0,0.447,0.452,0,0.308
0.789,0.265,0,0.654,0.47,0,0.303
0.644,0.231,0.5,0.08,0.145,0,0.396
0.388,0.688,0.5,0.388,0.372,0,0.306
0.423,0.452,0.5,0.185,0.143,0.5,0.4
0.498,0.53,0,0.537,0.285,0,0.3
0.293,0.136,0.5,0.402,0.069,0.5,0.367
0.339,0.576,0,0.51,0.28,0.5,0.306
0.144,0.524,0.5,0.198,0.439,0,0.355
0.391,0.453,0.5,0.165,0.399,0,0.356
0.47,0.507,0,0.398,0.256,0.5,0.328
0.303,0.377,0.5,0.006,0.785,0,0.371
0.742,0.601,0,0.176,0.01,0,0.369
0.586,0.63,0,0.332,0.285,0,0.324
0.137,0.133,0.5,0.172,0.029,0.5,0.462
0.673,0.415,0,0.509,0.425,0,0.307
0.418,0.434,0,0.702,0.344,0,0.282
0.321,0.625,0.5,0.271,0.288,0,0.337
0.561,0.16,0,0.483,0.364,0.5,0.32
0.053,0.426,0.5,0.413,0.484,0,0.309
0.276,0.858,0,0.833,0.35,0,0.254
0.557,0.54,0,0.419,0.319,0,0.313
0.243,0.433,0,0.103,0.44,0,0.371
0.254,0.275,0.5,0.107,0.128,0.5,0.453
0.357,0.341,0.5,0.194,0.521,0,0.345
0.388,0.171,0,0.37,0.147,0.5,0.357
0.342,0.539,0,0.326,0.289,0,0.326
0.345,0.062,0,0.514,0.148,0.5,0.333
0.376,0.059,0.5,0.092,0.413,0.5,0.423
0.394,0.213,0,0.561,0.28,0.5,0.311
0.386,0.282,0,0.457,0.656,0,0.296
0.429,0.613,0,0.202,0.335,0,0.343
0.419,0.441,0,0.262,0.116,0.5,0.374
0.126,0.725,0.5,0.228,0.234,0,0.359
0.104,0.277,0.5,0.572,0.325,0,0.297
0.123,0.387,0.5,0.308,0.621,0,0.32
0.315,0.318,0.5,0.102,0.52,0.5,0.403
0.591,0.148,0,0.508,0.071,0.5,0.335
0.098,0.357,0.5,0.047,0.334,0,0.424
0.368,0.366,0,0.521,0.528,0.5,0.297
0.208,0.549,0.5,0.158,0.164,0,0.387
0.64,0.122,0,0.161,0.172,0.5,0.399
0.557,0.221,0,0.467,0.521,0.5,0.312
0.295,0.346,0,0.383,0.615,0,0.304
0.332,0.14,0,0.577,0.432,0,0.296
0.619,0.36,0,0.53,0.341,0.5,0.309
0.205,0.217,0,0.57,0.164,0.5,0.318
0.711,0.172,0,0.549,0.272,0.5,0.319
0.128,0.035,0.5,0.088,0.36,0.5,0.458
0.581,0.546,0,0.415,0.031,0.5,0.337
0.044,0.201,0.5,0.104,0.082,0.5,0.488
0.309,0.586,0.5,0.33,0.419,0,0.318
0.245,0.321,0,0.434,0.168,0.5,0.34
0.264,0.412,0.5,0.295,0.25,0,0.346
0.149,0.438,0.5,0.384,0.632,0,0.302
0.443,0.076,0,0.206,0.377,0.5,0.38
0.65,0.357,0,0.561,0.484,0,0.301
0.325,0.401,0.5,0.091,0.595,0,0.363
0.2,0.336,0.5,0.072,0.361,0.5,0.442
0.273,0.312,0,0.391,0.403,0.5,0.331
0.365,0.124,0,0.261,0.239,0.5,0.38
0.223,0.27,0.5,0.102,0.355,0,0.396
0.626,0.667,0,0.296,0.336,0,0.326
0.458,0.448,0.5,0.059,0.512,0,0.368
0.081,0.529,0.5,0.233,0.573,0,0.338
0.041,0.854,0.5,0.114,0.379,0,0.381
0.389,0.31,0.5,0.027,0.381,0,0.4
0.391,0.265,0,0.384,0.328,0,0.325
0.536,0.256,0,0.694,0.037,0,0.305
0.15,0.429,0,0.367,0.25,0,0.328
0.017,0.083,0.5,0.116,0.224,0,0.436
0.119,0.247,0.5,0.561,0.634,0,0.282
0.029,0.338,0.5,0.016,0.432,0,0.431
0.518,0.206,0,0.46,0.412,0.5,0.319
0.061,0.392,0.5,0.22,0.375,0,0.366
0.39,0.506,0,0.662,0.504,0,0.275
0.165,0.269,0.5,0.409,0.518,0,0.311
0.591,0.182,0,0.234,0.234,0.5,0.375
0.462,0.365,0,0.223,0.317,0,0.35
0.445,0.114,0,0.423,0.41,0.5,0.329
0.556,0.289,0,0.857,0.256,0.5,0.282
0.152,0.299,0.5,0.306,0.348,0.5,0.369
0.34,0.101,0.5,0.468,0.238,0.5,0.335
0.172,0.535,0.5,0.335,0.133,0.5,0.371
0.106,0.209,0.5,0.047,0.812,0,0.378
0.11,0.632,0,0.602,0.034,0,0.295
0.207,0.26,0,0.474,0.156,0.5,0.336
0.232,0.703,0.5,0.189,0.061,0.5,0.416
0.72,0.66,0,0.146,0.339,0,0.35
